source,target,weight,resources,references,sign_decision
RBPJ,HES1,1.0,DoRothEA-A;ExTRI;GOA;Pavlidis2021;SIGNOR;TFactS,10066785;10205173;10520600;10933396;11120788;11866432;12814948;17611704;21311046;22718343;7566092;9819428,PMID
HES1,HES1,1.0,ExTRI;Pavlidis2021,10066785;12682059;14722248;15110721;15536134;16916793;18852286;19109490;19124651;19321451;21205878;22167192;22172337;23267012;23990620;24185616;9570134,default activation
PPARG,SERPINE2,1.0,ExTRI;NTNU.Curated,10073956,PMID
PPARG,SERPINE1,-1.0,ExTRI;GEREDB;NTNU.Curated;TRRUST,10073956;10329404;11230363;14581151;15990085;16843437;17906687;17995524;18278065,PMID
PPARG,LPL,1.0,ExTRI;NTNU.Curated,10098492;17658475;18948972;8895578,PMID
ESR1,CRYAB,1.0,ExTRI,10207098,default activation
RUNX2,RUNX2,1.0,ExTRI;NTNU.Curated;SIGNOR,10215629;11331591;12112009;12890574,PMID
LEF1,CCND1,1.0,ExTRI;NTNU.Curated;Pavlidis2021;SIGNOR;TRRUST,10318916;12748295;15798764;17360796;17666529;17885813;19620402;19653274,PMID
HES1,FCER1G,1.0,ExTRI,10329626,default activation
ASCL1,NGF,1.0,ExTRI,10336252,default activation
HES1,NGF,1.0,ExTRI,10336252,default activation
PAX5,IL2,1.0,ExTRI,10336503,default activation
WT1,THBS1,1.0,ExTRI;TRRUST,10340386;15542786;15618543,default activation
TP63,IL12B,1.0,ExTRI,10352297;11254706;11449355;12417340;14688340;15251981;15270850;15482860;17635610;19554267,default activation
LEF1,MMP7,1.0,ExTRI;NTNU.Curated;Pavlidis2021;TFactS;TRRUST,10362259;10514384;11158322;11943708;12200448;12782598;12958188;15457508;22686279,PMID
RBPJ,IL6,1.0,CytReg;ExTRI;TRRUST,10329846;10373597;11886848;12200447;8972179;9199307;9502421;9516466,PMID
XBP1,IL6,-1.0,CytReg;ExTRI;GEREDB;TRRUST,10375612;12612580;16931790,PMID
NR4A3,IL2,1.0,ExTRI,10382746,default activation
WT1,ABCB1,1.0,ExTRI;TRRUST,10392899;10860921;11734301,default activation
MITF,TPSB2,1.0,ExTRI;TFactS,10405322;10467408;11741327;11751862;15451032;15464728;19067971;1999537;7802662;8839840;9376586,PMID
WT1,WT1,-1.0,ExTRI;HTRI;NTNU.Curated,10406804;10452544;11221883;11243407;11299720;12738801;14701728;14988020;15540161;15607745;17119250;17605874;17634147;17956689;18064385;18483696;18708366;19212333;20066433;20237505;21343363;21378152;24534946;24607494;7478583;7791758;7890725;8119964;8530399;8621487;8760285;9178767;9388203,PMID
ESR1,CKB,1.0,ExTRI;NTNU.Curated,10411295;17272396,PMID
ESR1,C3,1.0,ExTRI;NTNU.Curated,10418989;17478088;8961270,default activation
PPARG,FABP4,1.0,ExTRI;GEREDB;NTNU.Curated;SIGNOR;TRRUST,10425206;10935488;11574398;16854242;17322100;20160124;20656057;21047783;23805908;8943212;9831621,PMID
ESR1,SPP1,1.0,ExTRI;NTNU.Curated,10428965;11522780;12761896;18234909;9869301,PMID
PPARG,CD36,1.0,ExTRI;NTNU.Curated;Pavlidis2021;TRRUST,10432118;11595817;11795270;11867619;14752028;15104237;16407258;16556603;16959872;17322100;18072748;18242221;18948972;20950277;25721714,PMID
PAX5,CD79A,1.0,ExTRI;GEREDB;TRRUST,10435576;11779502;12446773;12612069;14500810;15361869;18641300;19616560;8804314;9545244;9743352,PMID
IRF4,IL1B,1.0,CytReg;ExTRI,10453013;11359842;12676954;16439360;18566416,PMID
PAX5,BLK,1.0,ExTRI;Pavlidis2021;TRRUST,10455134;10553071;14594818;18697940;8195169;8759736;9660839,default activation
WT1,AREG,1.0,ExTRI;SIGNOR,10490105;14736876;19416806,PMID
ESR1,CCND1,1.0,DoRothEA-A;ExTRI;NTNU.Curated;SIGNOR;TRRUST,10500157;11358796;11410592;11477579;11844790;11986316;12554765;12808053;12929585;14764652;15026472;15178330;15217513;15282324;15496458;15808510;16809759;16860316;16980581;17166846;17681750;17914104;17998543;18245487;18414489;18997820;19858209;20821348;21505052;22266855;22396492;22521644;22892083;22948256;23108396;23864650;23891847;9832502,PMID
PAX5,PAX5,1.0,ExTRI,10524622;11779502;17682124;18172866;19237549;20208555;21156323;8650231;9722295,default activation
PROX1,EYA1,1.0,ExTRI,10603348,default activation
WT1,IGF2,-1.0,DoRothEA-A;ExTRI;HTRI;NTNU.Curated;TRRUST,10606246;1323141;7535092;7553624;7862533;8119964;8196623;8634146;9460996;9927198,PMID
HES1,CKM,1.0,ExTRI,10607593,default activation
NR2F1,CYP1A1,-1.0,ExTRI;GEREDB,10620335,PMID
SMAD1,SPP1,1.0,ExTRI;GEREDB;GOA;TFactS,10625647;14672939;19664780;20965237;21276840;21467818,PMID
RARB,RARB,1.0,ExTRI;TRRUST,10629091;10734315;10929206;11158236;11358817;11683489;11979430;11980632;12392082;12767074;12943740;15651062;15959780;1650576;16613989;1668276;16806674;17622583;17804711;18075297;20426865;21554977;7923214;8388240;8389001;8397452;9343411;9343423;9500212,PMID
MAFB,MAFB,1.0,ExTRI,10642889;17548468;22753472;22820162;9477316,default activation
ETS2,HPGD,1.0,ExTRI;GEREDB,10650939,PMID
ID1,ID1,1.0,ExTRI,10656257;10728695;12296825;12718878;16123120;17490644;17565736;18211287;18842581;20081865;20388787;20674581;20970407;21156287;21955753;21996749;22234186;24177224;9779825,default activation
MYB,ACTG2,1.0,ExTRI;GEREDB,10666057,PMID
MYB,ACTA2,1.0,ExTRI,10666057,default activation
NRG1,SELE,1.0,ExTRI,10667576,default activation
PPARG,IL2,-1.0,CytReg;ExTRI;GEREDB;NTNU.Curated,10671476;11726648;15187132;16611855;19217272;19712756,PMID
MYB,PRTN3,1.0,ExTRI,10677505;11290610,default activation
GATA6,TFF3,1.0,ExTRI;NTNU.Curated,10684977,PMID
SMAD6,SMAD1,1.0,ExTRI,10692396,default activation
SMAD1,SMAD6,1.0,ExTRI;NTNU.Curated;SIGNOR,10692396;17215250;22072987;22219353,PMID
SMAD6,SMAD6,1.0,ExTRI,10692396;20016939,default activation
ETS2,CTSB,1.0,ExTRI,10701774,regulon
ESR1,LTF,1.0,ExTRI,10738912;10779508;15525592;16861234;8441416;8873065,default activation
LEF1,MITF,1.0,ExTRI;NTNU.Curated;TRRUST,10747853;12048204,PMID
MITF,MITF,1.0,ExTRI;NTNU.Curated,10747853;10770922;10973953;11741327;12048204;12093801;12235125;16001072;17182868;18444964;19659611;21258399;21519923;22012259;23201126,PMID
ATF3,ATF3,-1.0,ExTRI;NTNU.Curated,10748147;10979959;16989641;18719024;19233874;22989952,PMID
ESR1,IGF1,1.0,ExTRI,10750020;11457856;11566442;17166846;19920132;20372799;22739988;24914937;8206951;9014838,default activation
ESR1,LPL,1.0,ExTRI,10753956,default activation
MYB,PTGS2,1.0,ExTRI;GEREDB;NTNU.Curated,10766162;15867358,PMID
MITF,TBX2,1.0,ExTRI;NTNU.Curated;TFactS,10770922;1999537,PMID
TBX2,MITF,1.0,ExTRI,10770922,default activation
TBX2,TBX2,1.0,ExTRI,10770922;15354864;18534921;23727221,default activation
NR2F2,CCND1,1.0,ExTRI;GEREDB;NTNU.Curated,10772965,PMID
BARX2,NCAM1,1.0,ExTRI;GEREDB,10781615;15034005,default activation
ID4,ID4,1.0,ExTRI,10790366;17605873;19500415;19783986;20416180,default activation
MYB,MYB,1.0,ExTRI;HTRI;NTNU.Curated;TRRUST,10815807;11080802;1511186;1944282;7655015,PMID
ESR1,PRL,1.0,DoRothEA-A;ExTRI;HTRI;NTNU.Curated,10830306;18022314;2082192;3481434;7649480;9259323,PMID
ETS2,FGF1,1.0,ExTRI;NTNU.Curated,10849427,PMID
ETS2,FGF2,1.0,ExTRI,10849427,regulon
GATA6,MYH11,1.0,ExTRI,10851229;15550397,default activation
ETS2,SPP1,1.0,ExTRI;NTNU.Curated;SIGNOR,10854070;11175361,PMID
NFE2,HBB,1.0,ExTRI;GEREDB;NTNU.Curated;SIGNOR,10891470;12000849;12031797;12379744;12582249;16287851;18308612;7918632;9478996;9558374,PMID
PPARG,TBXAS1,1.0,ExTRI;NTNU.Curated,10930400,default activation
ESR1,MMP9,1.0,ExTRI,10935492;12878732,default activation
HAND2,HAND2,1.0,ExTRI,10952904,default activation
ATF3,SELE,-1.0,ExTRI;TRRUST,10964678,PMID
ATF3,TNF,1.0,CytReg;ExTRI,10964678;12161427;16688168;24317040;24951825,PMID
SOX17,HP,1.0,ExTRI,10969743,default activation
WT1,CCN2,-1.0,ExTRI;NTNU.Curated;TRRUST,10973960,PMID
PPARG,VCAM1,-1.0,ExTRI;NTNU.Curated,11007963;18755353,PMID
PPARG,TNF,-1.0,ExTRI;GEREDB;NTNU.Curated,11009565;11124825;14646597;14656714;17464333;17532302;19031802;20376096;20473515,PMID
ESR1,KRT19,1.0,DoRothEA-A;ExTRI;TRRUST,11026574;18414489,PMID
TOX,TOX,1.0,ExTRI,11029691,default activation
ESR1,IL6,1.0,CytReg;ExTRI,11049111;12761896;14970864;16043358;17932106;19687301;23832664;24939901;7651415;7769130;8175711;8776731;9171095;9199508,PMID
ASCL1,ASCL1,1.0,ExTRI,11054669;11756408;15390277;16766700;21441980;22488473,default activation
ASCL1,HES1,1.0,Pavlidis2021,19191219,PMID
HES1,ASCL1,-1.0,DoRothEA-A;ExTRI;HTRI;NTNU.Curated;Pavlidis2021;SIGNOR;TRRUST,11054669;11756408;11940670;18344989;19109490;20506217;21573214;22718343;30030829;9144241;9570134,PMID
ESR1,PCK1,1.0,ExTRI,11060289,default activation
MITF,KIT,1.0,ExTRI;GEREDB;TFactS;TRRUST,11076759;11174389;19067971;19937254;1999537,PMID
SMAD1,TNFSF11,1.0,CytReg;ExTRI;GEREDB;TFactS,11139569;17967138,regulon
MITF,TPSD1,1.0,ExTRI,11157480;11741327;18284417;20513998,default activation
RARB,NGF,1.0,ExTRI,11158236,default activation
ASCL1,HMOX1,-1.0,ExTRI;NTNU.Curated,11171979;12073088;16705163;21840992,PMID
ESR1,LDLR,1.0,ExTRI;GEREDB,11250935;14568562;19322023;9275065,PMID
MYB,KITLG,1.0,ExTRI;GEREDB,11259170;7688794,PMID
MITF,PRF1,1.0,ExTRI,11264174,default activation
PPARG,PTGS2,-1.0,ExTRI;GEREDB;NTNU.Curated;TRRUST,10827178;11278336;11412039;14555539;16506021;19578162;19997048;20234816;20656057,PMID
GATA2,EDN1,1.0,ExTRI;NTNU.Curated,11278891;1370462;21533184;7623817;9809984,PMID
PPARG,CCND1,-1.0,ExTRI;GEREDB;NTNU.Curated;TRRUST,11287611;14764597;15041706;15193259;15486348;18927468;19075513;20651819;23455892,PMID
PPARG,HGF,1.0,ExTRI;NTNU.Curated,11292834;16291834;22472882;24569592,PMID
NR5A2,CETP,1.0,ExTRI;NTNU.Curated;TRRUST,11331284,PMID
ESR1,TFPI2,1.0,ExTRI,11331294,default activation
MITF,CTSK,1.0,ExTRI;TFactS;TRRUST,11331755;14993931;17105730;19067971;19288495;21602817,PMID
NR2F2,NR2F2,1.0,ExTRI,11352663;14739255;17047084;18474611;20195529;20978203;22493443;22606236;23406903,default activation
SOX18,OPRM1,1.0,ExTRI;GEREDB;NTNU.Curated,11353810;21198637,PMID
NR4A3,VCAM1,1.0,ExTRI,11359843;20558821,default activation
ATF3,CCND1,-1.0,ExTRI;NTNU.Curated,11375399;16469745;16984628,PMID
GATA6,TNF,1.0,ExTRI,11397697,default activation
GATA6,VCAM1,1.0,ExTRI;GEREDB,11397697;19627149;20864106;22182512,default activation
PPARG,PCK1,1.0,ExTRI;NTNU.Curated,11399762;11728630;12560325;20124556;21406501;21450790;7799943;9518257,PMID
RBPJ,NOTCH3,1.0,ExTRI,11404076,default activation
PPARG,AGTR1,-1.0,ExTRI;GEREDB;NTNU.Curated,11409645;11416035;16938288;20890053;22282354,PMID
IRF4,TNFSF11,1.0,ExTRI,11425859;24039733,default activation
PPARG,SPP1,-1.0,ExTRI;GEREDB;NTNU.Curated,11426586;11861425,PMID
NRG1,HGF,1.0,ExTRI,11454708,default activation
ATF3,MYH6,1.0,ExTRI,11485922,default activation
MYB,IL2,1.0,ExTRI,11486019;1349016,default activation
PAX5,MPPED2,1.0,ExTRI,11535600,default activation
NR2F2,HBG1,-1.0,ExTRI;GEREDB,11544252;19401563,PMID
SMAD1,BMP2,1.0,ExTRI,11585340;11786386;14551209;19836350;21471203;22072987,regulon
BARX2,CDH6,1.0,ExTRI;GEREDB,11585719;15034005,PMID
MECOM,MECOM,1.0,ExTRI,11587364;16204320;21190993,default activation
MECOM,CALCA,1.0,ExTRI,11587364,default activation
NR5A2,NR5A2,1.0,ExTRI;NTNU.Curated;TRRUST,11590139;11668176;12853459;14593077;18191017;18628394;23689136;8666201,PMID
PPARG,CCN2,-1.0,ExTRI;GEREDB;GOA;NTNU.Curated,11590167;16306131;16723090;18274641;18991162;19466435;19902320;31023188,PMID
TP63,JAG1,1.0,ExTRI;HTRI;NTNU.Curated,11641404;23837456;23863842,PMID
TP63,JAG2,1.0,ExTRI;NTNU.Curated,11641404,PMID
ESR1,HLA-DQB1,1.0,ExTRI,11682624,default activation
LEF1,NCAM1,1.0,ExTRI;NTNU.Curated;Pavlidis2021;SIGNOR,11696550,PMID
NR6A1,NR6A1,1.0,ExTRI,11702949,default activation
MYB,LYZ,1.0,ExTRI;GEREDB,11716756;17950008;17959653;20524209;7684005,PMID
WT1,PODXL,1.0,DoRothEA-A;ExTRI;SIGNOR;TRRUST,11719225;15155752;19050011,PMID
THRB,MYH6,1.0,ExTRI,11731612,default activation
ATF3,MMP2,-1.0,ExTRI;GEREDB;TRRUST,11792711;15102941;15280448;18377912;20560878,PMID
PPARG,OLR1,1.0,ExTRI;NTNU.Curated,11795293,default activation
RARB,PTGS2,-1.0,ExTRI;NTNU.Curated,11821953;16170369,PMID
ID1,GHRHR,1.0,ExTRI,11840324,default activation
ESR1,CCN1,1.0,ExTRI;GEREDB;NTNU.Curated,11356703;11840342,default activation
SOX17,IER3,1.0,ExTRI;NTNU.Curated,11844788,default activation
ESR1,FBLN1,1.0,ExTRI;GEREDB,11850827;15528301,default activation
PPARG,GK,1.0,ExTRI;NTNU.Curated;TRRUST,11872666;14749268,PMID
RUNX2,TNFSF11,1.0,CytReg;ExTRI;NTNU.Curated;SIGNOR;TFactS,11331591;11882458;12773122;16283360;16598781;16914731;17053039;17967138;18814144;21454810,regulon
ESR1,LIPC,1.0,ExTRI,11893774,default activation
ESR1,IGKV2D-24,1.0,ExTRI,11893774,default activation
ATF3,PCK1,-1.0,ExTRI;NTNU.Curated,11916968,PMID
ESR1,IL2,1.0,ExTRI,11917142,default activation
PPARG,CCL5,-1.0,ExTRI;GEREDB;NTNU.Curated,11932328;12909507;20663893,PMID
NFE2,TBXAS1,1.0,ExTRI;HTRI;NTNU.Curated,11956185;14565864,PMID
HAND2,MYH6,1.0,ExTRI;GEREDB,11994297;15485823,PMID
LEF1,EDA,1.0,ExTRI;NTNU.Curated;TRRUST,12039047,PMID
ESR1,CAV1,-1.0,DoRothEA-A;ExTRI;NTNU.Curated,12138116;18414489,PMID
ESR1,ABCB1,1.0,ExTRI,12174911,default activation
PPARG,IL6,-1.0,ExTRI;GEREDB;NTNU.Curated,12215492;15526907;16155367;16794398;17906687;18762411;18927280;18973594;19067726;19289654;19395102;20376096;20473515,PMID
ESR1,TNF,1.0,CytReg;ExTRI,12237295;15334655;16483936;20664923;23733894,PMID
SMAD1,ID1,1.0,ExTRI;NTNU.Curated;TFactS,12296825;15331632;18381431;20522807,PMID
PAX5,BLNK,1.0,ExTRI;NTNU.Curated;Pavlidis2021,12387741,PMID
MYB,COL1A2,1.0,ExTRI;TRRUST,12424255;2536148;9989795,PMID
THRB,TSHR,1.0,ExTRI;GEREDB,12429043,default activation
MYF6,MYF6,1.0,ExTRI,12435381;12707053;7739551;7852366;9266852,default activation
NR5A2,SCARB1,1.0,ExTRI;GEREDB,12446566;16168958,PMID
ID1,CD79A,1.0,ExTRI,12446773;18641300,default activation
NRG1,VEGFC,1.0,ExTRI,12471041,default activation
HES1,IL1B,1.0,ExTRI,12488457,default activation
HES1,PTGDS,-1.0,DoRothEA-A;ExTRI;HTRI;SIGNOR;TRRUST,12488457;15743775,PMID
ESR1,MYH11,1.0,ExTRI,12496475,default activation
ID1,THBS1,-1.0,ExTRI;GEREDB;TFactS,12498716;19710505,PMID
PPARG,RETN,-1.0,ExTRI;GEREDB;NTNU.Curated;TFactS;TRRUST,12504108;16876120;19126543;19564408;20360975,PMID
GATA6,VWF,1.0,ExTRI;NTNU.Curated;TRRUST,12511565,default activation
ESR1,BMP2,1.0,ExTRI;NTNU.Curated,12511606;19009553,PMID
ETS2,ETS2,1.0,ExTRI,12560478;15314206;15523888;15590657;19179380;22740135;7588608,regulon
ESR1,CCL5,1.0,CytReg;ExTRI,12603855;26790618,PMID
WT1,POU4F2,1.0,ExTRI;GEREDB,12609742,PMID
POU4F2,WT1,1.0,ExTRI,12609742,default activation
WT1,IL1B,1.0,ExTRI,12637574,default activation
ETS2,CSF2,1.0,CytReg;ExTRI;GEREDB;TRRUST,12646185,PMID
SOX17,ESR1,1.0,ExTRI,12659635,default activation
ESR1,CCN5,1.0,DoRothEA-A;ExTRI,12659671;15798095;18414489;22765757,default activation
WT1,SLC6A6,1.0,ExTRI;GEREDB,11140355;12681485,default activation
PPARG,CXCL8,-1.0,ExTRI;GEREDB;NTNU.Curated,12695526;15331599;15720834;16303327;18485432;19395102;20107546;20554962;20889551,PMID
TBX2,GJA1,-1.0,ExTRI;NTNU.Curated,12733958;14595187;15042700;15354864;18285513,PMID
RUNX2,IBSP,1.0,DoRothEA-A;ExTRI;GEREDB;HTRI;NTNU.Curated;Pavlidis2021;TRRUST,10027904;11283267;12750290;14667142;16000302;17352650;17956871;18459139;19324883;20947160;22492284;23485603,PMID
TP63,SULT1E1,1.0,ExTRI,12757742,default activation
PPARG,SCARB1,1.0,DoRothEA-A;ExTRI;GEREDB;HTRI;NTNU.Curated,12763030;16530456;19156545,PMID
ESR1,GJA1,1.0,ExTRI;GEREDB,12810571;15028626;22962310,PMID
PAX5,IL7,1.0,ExTRI,12811842,default activation
HES1,EFNB2,1.0,ExTRI,12814948,default activation
HEY1,EFNB2,1.0,ExTRI,12814948,default activation
HEY1,NOTCH4,1.0,ExTRI,12814948,default activation
PPARG,RARB,1.0,ExTRI;NTNU.Curated;TRRUST,12839938;18075297,PMID
WT1,SPRY1,1.0,ExTRI;NTNU.Curated,12882970,default activation
NFE2,HBA2,1.0,ExTRI;NTNU.Curated,12920035;17196618,default activation
PPARG,FLT1,-1.0,ExTRI;GEREDB;NTNU.Curated,12921977;17320065,PMID
HES1,CFD,1.0,ExTRI,12949072,default activation
THRB,CCND1,-1.0,ExTRI;GEREDB,12951064;15601836;18037966,PMID
XBP1,IL10,1.0,ExTRI,12953803,default activation
THRB,THRB,1.0,ExTRI;NTNU.Curated,1339272;16236718,default activation
MYB,IL2RA,1.0,ExTRI,1349016,default activation
ETS2,CD79A,1.0,ExTRI,1409581,regulon
RUNX2,SPP1,1.0,ExTRI;GEREDB;NTNU.Curated;SIGNOR;TFactS,11331591;14506237;16195230;16670084;18410224;19259985;19649655;19903460;19915614;20713445;21455926;23644099;9794229,PMID
ATF3,IGF2,1.0,ExTRI,14508521,default activation
GATA2,MMP2,1.0,ExTRI;NTNU.Curated,14512418,PMID
LEF1,ELANE,1.0,ExTRI;GEREDB;NTNU.Curated;SIGNOR;TRRUST,14594802;17360796;19620402,PMID
SMAD1,HEY1,1.0,ExTRI;TFactS,14597575;14739937,PMID
SOX18,VCAM1,1.0,ExTRI;NTNU.Curated,14634005,regulon
SMAD6,TAGLN,-1.0,ExTRI;NTNU.Curated,14654367,PMID
PPARG,MPO,1.0,ExTRI;NTNU.Curated,14668325,default activation
ESR1,HBB,1.0,ExTRI,14695898;18252963,default activation
WT1,BASP1,1.0,ExTRI,14701728;21269271;21871842,default activation
MYB,ELANE,1.0,ExTRI;GEREDB;GOA;NTNU.Curated;TRRUST,10233885;14732495;16247445;8756629;9192779,PMID
ETS2,IL2,-1.0,ExTRI;NTNU.Curated,14735145,PMID
RBPJ,HEY1,1.0,ExTRI;TFactS,10964718;11486044;11486045;11971902;12814948;14739937,PMID
LEF1,SPP1,1.0,ExTRI;GEREDB;NTNU.Curated,14990565;19901966,PMID
PAX5,IGHM,1.0,ExTRI,15007090,default activation
RARB,CRYAB,1.0,ExTRI;NTNU.Curated,15020706,default activation
ESR1,BMP6,1.0,ExTRI,15040833;16232348;17574840,default activation
RUNX2,TIMP1,1.0,ExTRI;NTNU.Curated,15051730,PMID
TP63,LYN,1.0,ExTRI,1508184,default activation
PPARG,KDR,1.0,ExTRI;NTNU.Curated,15111490,default activation
SOX17,CRYAB,1.0,ExTRI,15113840,default activation
TBX3,GJA5,-1.0,ExTRI;GEREDB,15158141;18467625,PMID
NR2F2,GHR,1.0,ExTRI,15171724;15771728,default activation
ESR1,ESR1,1.0,ExTRI;NTNU.Curated;TRRUST,15171726;16288053;16326419;16464951;16497810;16507095;16636675;16679312;16690106;16809346;17083744;17130524;17172825;17369819;17478088;17511620;17575143;17609434;17875680;17932104;17951260;18000219;18383888;18450422;18451179;18457947;18593897;18703630;18708366;18784357;19001520;19207817;19263197;19287951;19351845;19458056;19584281;19763504;19933843;19946334;20080637;20101232;20103625;20130088;20180843;20185823;20215511;20300195;20388878;20460377;20926584;20946668;21118977;21191649;21256200;21267694;21282336;21458421;21655924;21690342;21763263;21901488;21946067;22056872;22125492;22174013;22227247;22359603;22457607;22521644;22558281;22622808;22662208;22808167;22870269;22962310;22976807;23042805;23145106;23183181;23242655;23285017;23322423;23379261;23493398;23592396;23626833;23725356;23744764;23814048;24049078;24277692;24284820;24495356;24639548;2720778;3754034;7639112;7669725;7708056;7891714;8168078;8240974;8300756;8391813;8732679;8776731;8885246;9113991;9393950;9513045;9658402;9731704;9738013;9772278;9815978;9914163;9914518,PMID
ESR1,FLT1,-1.0,ExTRI;NTNU.Curated;TRRUST,15173272;17242190;20080630;20422012,PMID
PPARG,IFNG,1.0,CytReg;ExTRI;NTNU.Curated,15187132;19160541,PMID
NRG1,RBBP8,1.0,ExTRI,15189998,default activation
PPARG,ANGPTL4,1.0,ExTRI;GEREDB;NTNU.Curated;TRRUST,14570927;15190076;19934321;23518684,PMID
ESR1,CXCL8,-1.0,CytReg;ExTRI;GEREDB,14991571;15208657;16029657;17932106;18669446;19440537,PMID
E2F3,TNF,1.0,ExTRI,15210709,regulon
ESR1,SERPINE1,1.0,ExTRI;TRRUST,15217907,PMID
NR5A2,ARG1,1.0,ExTRI,15218078,default activation
RFX2,RFX2,1.0,ExTRI,15229132,default activation
ATF3,PLN,-1.0,ExTRI;NTNU.Curated,15231818,PMID
RBPJ,RBPJ,1.0,ExTRI,15247148;8643633;9418910,default activation
ESR1,TIMP4,1.0,ExTRI;GEREDB;NTNU.Curated,15273280,PMID
NRG1,NRG1,1.0,ExTRI,15314176;15814841,default activation
ID1,ASCL1,1.0,ExTRI,15318167,default activation
NR5A2,CCND1,1.0,ExTRI;GEREDB,15327767,PMID
MYB,HBB,1.0,ExTRI,1533276,default activation
PPARG,APOE,1.0,ExTRI;GEREDB;GOA;NTNU.Curated,15339912;18382765;20419060,PMID
TBX15,GJA1,1.0,ExTRI,15354864,default activation
TBX15,TBX2,1.0,ExTRI,15354864,default activation
MITF,HPGDS,1.0,ExTRI;GEREDB;TFactS,15375155;1999537,PMID
RBPJ,MET,1.0,ExTRI,1549123,default activation
SMAD6,COL1A2,1.0,ExTRI,15498344,default activation
WT1,NPHS1,1.0,DoRothEA-A;ExTRI;NTNU.Curated;SIGNOR;TRRUST,15504938;15579507;16631587;21980157;23768159,PMID
PPARG,CYP1A1,-1.0,ExTRI;NTNU.Curated,15521013;18308446,PMID
MAFB,CRYAB,1.0,ExTRI;NTNU.Curated,15522290,default activation
RFX2,ALAS2,1.0,ExTRI,15526285,default activation
GATA6,MYLK,-1.0,ExTRI;NTNU.Curated;Pavlidis2021,15550397;16407417,PMID
GATA6,MYOCD,1.0,ExTRI,15550397,default activation
GATA6,TAGLN,1.0,ExTRI;NTNU.Curated,15550397,default activation
FEZF2,CCN2,1.0,ExTRI,15560785,default activation
ETS2,HMOX1,1.0,ExTRI;NTNU.Curated,15590657;20348279,PMID
TP63,ABCB1,1.0,ExTRI,15634666,default activation
RBPJ,DLK1,-1.0,ExTRI;TFactS,15652348;18375046,PMID
ATF3,GDF15,1.0,DoRothEA-A;ExTRI;NTNU.Curated;SIGNOR;TRRUST,15670751;16286461;20110283;23178451,PMID
TBX3,TBX3,-1.0,ExTRI,15694670;21784138;22535523,regulon
TP63,IGFBP3,1.0,ExTRI,15713654;15781645,default activation
SMAD6,SERPINE1,1.0,ExTRI;NTNU.Curated,15716278,default activation
SOX17,IBSP,1.0,ExTRI,15722554,default activation
LEF1,LEF1,1.0,ExTRI;NTNU.Curated,15728254;24394665,PMID
BARX2,BARX2,1.0,ExTRI,15728386,default activation
TFAP2B,PTGDS,1.0,DoRothEA-A;ExTRI;HTRI;SIGNOR;TRRUST,15743775;17574780,PMID
NR4A3,NR4A3,1.0,ExTRI,15746358;16901967;17596136;20558821;24022864,default activation
TP63,KRT5,1.0,ExTRI,15750631;17626181;18927586;19461998,default activation
MYB,WT1,1.0,ExTRI;GEREDB;TRRUST,15752709;18064385,PMID
WT1,MYB,-1.0,DoRothEA-A;ExTRI;GEREDB;HTRI;NTNU.Curated;TRRUST,7559553,PMID
RUNX2,BMP2,1.0,ExTRI;NTNU.Curated;SIGNOR,15765505,PMID
E2F3,IL6,1.0,ExTRI,15772702,regulon
TP63,PERP,1.0,ExTRI;Pavlidis2021;SIGNOR,15797384;15970683;21965674,PMID
ESRRG,ESRRG,1.0,ExTRI,15821111;21757507;21911493;23977052;24466039,default activation
TBX2,TBX20,1.0,ExTRI,15843407,default activation
TBX20,TBX2,-1.0,GEREDB;GOA,15843407;15901664;19661464,PMID
ESR1,HPGDS,1.0,ExTRI,1587835,default activation
MECOM,GATA2,1.0,ExTRI;NTNU.Curated;SIGNOR,15889140,PMID
PPARG,FN1,-1.0,ExTRI;GEREDB;NTNU.Curated,12055599;14693716;15908479;16321227;18278065;19466435,PMID
SMAD1,MYH6,1.0,ExTRI,15911698,regulon
MYB,CCND1,1.0,ExTRI;NTNU.Curated,15922873,PMID
MITF,SERPINE1,1.0,ExTRI;GEREDB;NTNU.Curated;TFactS,15961275;19067971,PMID
HOPX,NPPB,1.0,ExTRI,15972800,default activation
ESR1,CYP1B1,1.0,DoRothEA-A;ExTRI;TRRUST,15126349;16010691;17511620;18414489;22761658,default activation
ESR1,CYP1A1,-1.0,DoRothEA-A;ExTRI;GEREDB;HTRI;TRRUST,15837795;15858227;16010691;16972788;17511620;20716622;22837390,PMID
RARB,CYP26A1,1.0,ExTRI,16012519;16261163,default activation
MYB,CTSG,1.0,DoRothEA-A;ExTRI;TRRUST,16019164,PMID
MAFB,NUAK1,1.0,ExTRI,16044163,default activation
ESR1,WT1,1.0,ExTRI,16087727;18708366,default activation
WT1,ESR1,1.0,ExTRI,16087727;18708366,default activation
NR5A2,ESR1,1.0,ExTRI,20607599;22359603;24049078,default activation
ESR1,NR5A2,1.0,DoRothEA-A;ExTRI;HTRI;NTNU.Curated;TRRUST,16091743;19376833;23911789,PMID
ID3,COL1A2,-1.0,ExTRI;TFactS,16126788,PMID
PPARG,CD5L,-1.0,ExTRI;GEREDB;NTNU.Curated,16127159,PMID
GATA2,HBA2,1.0,ExTRI;NTNU.Curated,16151640,regulon
RUNX2,MMP9,1.0,ExTRI;GEREDB;NTNU.Curated,16166639;19915614,PMID
GATA6,LMCD1,1.0,ExTRI,16199866,default activation
HEY1,GATA6,-1.0,ExTRI;TRRUST,16199874,PMID
SOX4,SOX4,1.0,ExTRI;NTNU.Curated,16204320,PMID
SOX4,MECOM,1.0,ExTRI;GEREDB;NTNU.Curated,16204320,PMID
IRF4,IRF4,1.0,ExTRI,16243976;16272311;16396836;21818355;25078688,default activation
ETS2,TNC,1.0,ExTRI;GEREDB;NTNU.Curated;TRRUST,10618716;16245312,PMID
ESR1,GRIA2,1.0,ExTRI,16262660,default activation
PPARG,LIPE,1.0,ExTRI;GEREDB;NTNU.Curated;TRRUST,16269451;17134676,PMID
IRF4,TRIM63,1.0,ExTRI,16272311,default activation
EGR3,ARC,1.0,ExTRI;NTNU.Curated,16287845,default activation
LEF1,CTLA4,1.0,ExTRI;NTNU.Curated;TRRUST,16297665,PMID
ERG,HMOX1,1.0,ExTRI;NTNU.Curated;TRRUST,10022513;16310515,regulon
ID1,TNFSF11,1.0,ExTRI,16322470,default activation
TP63,KRT14,1.0,ExTRI,16324689;17159913;19461998;22577164,default activation
TP63,TP63,1.0,ExTRI,16331262;16410722;16516862;16581802;17036050;17637751;18198175;18615589;19390658;19858204;20052674;20442293;20607803;21303954;21436470;21527555;23019126;23271742;23284286;24145187;24154873,default activation
ZEB2,MMP2,1.0,ExTRI;GEREDB;NTNU.Curated,15742334;16391805,PMID
ID3,ID3,1.0,ExTRI,16394085;18372118,default activation
ID3,THBS1,1.0,ExTRI,16394085,default activation
MYB,CA1,1.0,ExTRI;GEREDB,16407849,default activation
RBPJ,FCRL5,1.0,ExTRI,16439682,default activation
WT1,MPO,1.0,ExTRI,16440314,default activation
TP63,S100A2,1.0,ExTRI;NTNU.Curated,16449968,default activation
MITF,HGF,1.0,ExTRI,16455654,default activation
FOXC2,SERPINE1,1.0,ExTRI;NTNU.Curated,16456100,PMID
RARB,LAMB1,1.0,ExTRI,1646397;2556699,default activation
RUNX2,PTGS2,1.0,ExTRI;NTNU.Curated;TFactS,16476583;22713854,regulon
WT1,CSF3,1.0,ExTRI,16484585,default activation
ESR1,SNCA,1.0,ExTRI,16511840,default activation
ETS2,IL12B,1.0,DoRothEA-A;ExTRI;GEREDB;TRRUST,10657616;16518544;8958954;9234715;9497375,PMID
GATA6,SEMA3C,1.0,ExTRI;SIGNOR,16557299;19666519,PMID
ESR1,KDR,1.0,DoRothEA-A;ExTRI;HTRI;TRRUST,16574784;18006642,PMID
RUNX2,LEF1,1.0,ExTRI;NTNU.Curated;Pavlidis2021,19650108;20890621,PMID
LEF1,RUNX2,1.0,ExTRI;NTNU.Curated;TFactS,16043491;16575901,PMID
SMAD1,PPARG,1.0,ExTRI;NTNU.Curated;SIGNOR;TFactS,12589053;16580992;23071089,PMID
NR2F2,LIPC,1.0,ExTRI;GEREDB,16603721,default activation
PAX5,FLT3,1.0,ExTRI,16618805,default activation
TP63,HES1,1.0,ExTRI,16618808,default activation
BARX2,TIMP1,1.0,ExTRI,16636675,default activation
ESR1,PRLR,1.0,ExTRI;GEREDB;NTNU.Curated,16651265;16705189,PMID
ESR1,NPY,1.0,ExTRI;GEREDB;NTNU.Curated,16198490;16675543;18562618,PMID
HEY1,HEY1,1.0,ExTRI,16678790;19369342;19802006,default activation
ESR1,RETN,1.0,ExTRI,16740979,default activation
HEY1,KDR,-1.0,ExTRI;GEREDB;TRRUST,16782059;17028039;18694572,PMID
THRB,SLC26A5,1.0,ExTRI,16803873,default activation
MYB,ETS2,1.0,ExTRI,16909100,default activation
ETS2,MYB,1.0,ExTRI;GEREDB,15064740;16909100,PMID
ESR1,ERBB4,1.0,ExTRI;NTNU.Curated,16912174,PMID
HES1,MAP2,-1.0,ExTRI;Pavlidis2021;TRRUST,16916793;19880519,PMID
EOMES,IL21,1.0,ExTRI,16951332,default activation
ATF3,CCL4,-1.0,CytReg;ExTRI,16982098;24607962,PMID
MITF,NPPB,1.0,ExTRI,16998588,default activation
RUNX2,NELL1,1.0,ExTRI;NTNU.Curated;TFactS,17042739;21931789,PMID
PROX1,KDR,1.0,ExTRI,17047989;19210544,default activation
TP63,SHH,1.0,ExTRI,17050669,default activation
EOMES,DKK1,1.0,ExTRI,17068183,default activation
EOMES,THY1,1.0,ExTRI,17068183,default activation
GATA6,DKK1,1.0,ExTRI;TRRUST,17068183;21811562,default activation
GATA6,THY1,1.0,ExTRI,17068183,default activation
ESRRG,PDK4,1.0,ExTRI;GEREDB;NTNU.Curated,17079227;19690166;23050013,PMID
THRB,GHRHR,1.0,ExTRI,17090972,default activation
MITF,TNFSF11,1.0,ExTRI,17105730;19321441;20357005;23379601;24257758,default activation
XBP1,XBP1,1.0,ExTRI,17110785;17884689;21723843;23510626,default activation
NFE2,SLC7A11,1.0,ExTRI;NTNU.Curated,17113054,PMID
MAFB,TNFSF11,1.0,ExTRI,17158225,default activation
NR5A2,IL1RN,1.0,ExTRI;NTNU.Curated,17158876,PMID
NR4A3,AK5,1.0,ExTRI,17202344,default activation
PPARG,SLC1A3,1.0,ExTRI;NTNU.Curated,17213861,default activation
TP63,DES,1.0,ExTRI,17234757,default activation
PPARG,NAMPT,1.0,ExTRI;GEREDB;NTNU.Curated,17268065;20608974,PMID
SMAD9,BMP2,1.0,ExTRI,17293449,regulon
EOMES,IFNG,1.0,CytReg;ExTRI;TRRUST,17301952;18178806;20056084;22078635;23609452;23768572;24006458;26749212;27324129,PMID
ESR1,RUNX2,1.0,TRRUST,11604227,default activation
RUNX2,ESR1,-1.0,DoRothEA-A;ExTRI;HTRI;NTNU.Curated;TFactS;TRRUST,17350616,PMID
SMAD1,CXCL2,1.0,CytReg;ExTRI;TRRUST,17363596,PMID
MITF,MET,1.0,ExTRI;GEREDB;TFactS;TRRUST,17371876;19067971;1999537;20067553;20068147,PMID
TBX2,COL1A2,-1.0,ExTRI;GEREDB,17407139,PMID
SOX6,CCND1,-1.0,ExTRI;GEREDB;NTNU.Curated;TRRUST,17412698;21084391,PMID
PPARG,HMOX1,1.0,ExTRI;GEREDB;NTNU.Curated;TRRUST,17413033;19734319;19797172;21571064,PMID
NR5A2,PTGDS,1.0,ExTRI,17439953,default activation
ESR1,PADI4,1.0,ExTRI,17456793,default activation
SOX6,COMP,1.0,ExTRI;GEREDB;NTNU.Curated,17485346,PMID
ESR1,AREG,1.0,ExTRI;GEREDB;NTNU.Curated,16261397;17486082;23864650,default activation
RBPJ,FHL1,1.0,ExTRI,17509614;9418910,default activation
TBX2,SHH,-1.0,ExTRI;GEREDB,17300775;17519333,PMID
NRG1,GHRHR,1.0,ExTRI,17521572,default activation
MYB,MAFB,1.0,ExTRI,17548468,default activation
EOMES,CD8A,1.0,ExTRI,17566017;20060330,default activation
EOMES,PRF1,1.0,ExTRI,17566017;20096607;23409078,default activation
WT1,MMP9,1.0,ExTRI,17579045,default activation
PPARG,FST,1.0,ExTRI;NTNU.Curated,17592024;18768463,default activation
ESR1,STS,1.0,ExTRI;NTNU.Curated,17596930;24914937,default activation
PPARG,ABCA12,1.0,ExTRI;NTNU.Curated,17611579,PMID
HEY1,HES1,1.0,ExTRI,17611704,default activation
ZEB2,CDH2,1.0,ExTRI;NTNU.Curated,17615296,default activation
GATA6,ACTG2,1.0,ExTRI,17626241,default activation
GATA6,ACTA2,1.0,ExTRI,17626241,default activation
TP63,GDF15,1.0,ExTRI;NTNU.Curated,17637746,PMID
ZEB2,SFRP1,-1.0,ExTRI;GEREDB;NTNU.Curated,17644613;19424592,PMID
ATF3,IL6,-1.0,CytReg;ExTRI,16688168;17766920;17785797;18942706;20203264;20351107;22105779;24317040;24951825,PMID
E2F3,PCSK6,1.0,ExTRI;GEREDB;TFactS,17825503,PMID
LEF1,PTGS2,1.0,ExTRI;GEREDB;NTNU.Curated;Pavlidis2021,17945188;19783677,PMID
ATF3,FN1,1.0,ExTRI;GEREDB;NTNU.Curated,17952119,PMID
ATF3,SERPINE1,1.0,ExTRI;NTNU.Curated,17952119,PMID
HES1,TAGLN,1.0,ExTRI;NTNU.Curated,17981798,PMID
SMAD1,HAMP,1.0,ExTRI,18026094,regulon
SOX18,CLDN5,1.0,ExTRI;GEREDB;NTNU.Curated,18065521,PMID
PROX1,CALCRL,1.0,ExTRI;GEREDB,18097475,PMID
GATA6,TNC,-1.0,ExTRI;NTNU.Curated,18177748,PMID
LEF1,SNAP25,1.0,ExTRI;NTNU.Curated,18194215,regulon
ERG,CDH5,1.0,DoRothEA-A;ExTRI;GOA;NTNU.Curated;SIGNOR;TRRUST,18195090;19359602;22235125,PMID
GATA2,KIT,1.0,ExTRI;NTNU.Curated;Pavlidis2021,18243117;20833840;26660446,PMID
TP63,TPRG1,1.0,ExTRI,18256694,default activation
ID1,POSTN,1.0,ExTRI,18261719,default activation
ATF3,IFNG,1.0,CytReg;ExTRI;TRRUST,18268321;18802113;20002170;20304822;24951825,PMID
NR5A2,ABCB11,1.0,ExTRI;TRRUST,18270374,default activation
MITF,CMA1,1.0,ExTRI;GEREDB;TFactS,18284417;1999537;9376586,default activation
TBX3,GJA1,-1.0,ExTRI,18285513,regulon
PPARG,CXCR1,1.0,ExTRI;NTNU.Curated,18292390,PMID
PPARG,CXCR2,1.0,ExTRI;GEREDB;NTNU.Curated;SIGNOR,18292390,PMID
ESR1,MMP2,1.0,ExTRI;GEREDB;NTNU.Curated,18313050;19861308,PMID
ETS2,DUSP6,1.0,ExTRI;NTNU.Curated,18321244;18848526,regulon
ESR1,CD24,-1.0,DoRothEA-A;ExTRI;HTRI;TRRUST,18404683,PMID
HAND2,BMP2,1.0,ExTRI,18407260,default activation
HAND2,FBN1,1.0,ExTRI,18407260,default activation
HAND2,SFRP1,1.0,ExTRI,18407260,default activation
WT1,KIT,1.0,ExTRI,18424770,default activation
GATA6,GATA6,1.0,ExTRI,18454176;21514437,default activation
MYB,SPP1,1.0,ExTRI;HTRI,18459127;21190594,default activation
EBF2,EBF2,1.0,ExTRI,18466304,default activation
MYF6,CKM,1.0,ExTRI,1847137,default activation
PPARG,CAV1,1.0,ExTRI;GEREDB;NTNU.Curated;TRRUST,17764562;18507034;20368353,default activation
GATA2,PPARG,-1.0,DoRothEA-A;ExTRI;HTRI;NTNU.Curated;SIGNOR;TFactS;TRRUST,15896659;18522800;19772889,PMID
ESR1,ICAM1,1.0,ExTRI,18528430,default activation
TBX3,TBX2,-1.0,GEREDB,11867218,PMID
TBX2,TBX3,1.0,ExTRI,18534921,default activation
ID1,DELEC1,1.0,ExTRI,18556654,default activation
LEF1,TP63,1.0,ExTRI;NTNU.Curated,18615589,regulon
RUNX2,ADGRG2,1.0,ExTRI;NTNU.Curated,18625716,regulon
ESR1,PHLDA1,1.0,ExTRI;NTNU.Curated,18641796,PMID
MYB,CD86,1.0,ExTRI,18644155,default activation
WT1,DUSP6,1.0,ExTRI;GEREDB;NTNU.Curated,18644985,PMID
ERG,IGF1,1.0,ExTRI;NTNU.Curated,18648544,PMID
TP63,CLDN1,1.0,ExTRI,18648642,default activation
RORB,KCNQ5,1.0,ExTRI,18669596,default activation
RORB,NAMPT,1.0,ExTRI,18669596,default activation
GATA6,MECOM,1.0,ExTRI,18765291,default activation
ESR1,CYP7B1,1.0,ExTRI;GEREDB,16606610;16720094;18790053,PMID
NR2F2,NRP1,1.0,ExTRI;GEREDB;NTNU.Curated;Pavlidis2021,18815287;19144989;22492355,default activation
PROX1,NRP1,1.0,ExTRI,18815287,default activation
WT1,DAPK1,1.0,ExTRI,18829110,default activation
XBP1,KLRG1,1.0,ExTRI;GEREDB,18832700,PMID
PPARG,RBP7,1.0,ExTRI,18840764,default activation
NR4A3,PPARG,1.0,ExTRI;GEREDB;NTNU.Curated;TRRUST,18855877,default activation
SOX18,PROX1,1.0,ExTRI;GEREDB;NTNU.Curated,18931657;20360386,PMID
IRF4,IL10,1.0,CytReg;ExTRI,12374808;18962896;19592658;21378976;21440248;22698399;25870242;28100679,PMID
FOXP2,CNTNAP2,-1.0,DoRothEA-A;ExTRI;HTRI;TRRUST,18987363;18987364;19582487,PMID
TP63,APOD,1.0,ExTRI;GEREDB,19001418,PMID
TFAP2B,CCL2,1.0,CytReg;ExTRI,19022887,PMID
ESR1,HES1,1.0,ExTRI,19039095,default activation
NR2F2,IGF1,1.0,ExTRI;GEREDB,19041640,default activation
SMAD1,MMP2,1.0,ExTRI;NTNU.Curated,19056927,regulon
ID1,CCND1,1.0,ExTRI;NTNU.Curated,19079342,PMID
NR2F1,TNF,1.0,ExTRI,19112178,default activation
NR2F2,KDR,1.0,ExTRI,19144989,default activation
SOX17,NES,1.0,ExTRI,19147497,default activation
RBPJ,TNC,1.0,ExTRI;NTNU.Curated,19147558,PMID
SOX4,TNC,1.0,ExTRI;NTNU.Curated,19147588,default activation
NR4A3,CCND1,1.0,ExTRI;GEREDB,19153266,PMID
NR2F2,VEGFC,1.0,ExTRI,19154418;24122412,default activation
PROX1,IFNG,-1.0,CytReg;ExTRI;GEREDB;SIGNOR;TRRUST,19160541;20064070,PMID
RUNX2,CSF1R,-1.0,ExTRI;NTNU.Curated,19179305,PMID
PAX5,NCAM1,1.0,ExTRI,19235015,default activation
RUNX2,SDC2,1.0,ExTRI;NTNU.Curated,19259985,PMID
PROX1,SLC26A5,1.0,ExTRI,19264593,default activation
ID3,MMP2,1.0,ExTRI,19267405,default activation
TP63,ID3,1.0,ExTRI,19267405,default activation
TP63,MMP2,1.0,ExTRI,19267405,default activation
MITF,DIO2,1.0,ExTRI,19321441;23379601,default activation
ESRRG,IBSP,-1.0,ExTRI;GEREDB;NTNU.Curated,19324883,PMID
ERG,CXCL8,-1.0,ExTRI;NTNU.Curated;SIGNOR;TRRUST,19359602;20966395;22235125,PMID
ATF3,CXCL8,1.0,ExTRI,19374863,default activation
ETS2,MMP9,1.0,ExTRI;TRRUST,12438253;19411629,PMID
ESR1,KRT14,1.0,ExTRI,19435901;20188517;20578288;23870655,default activation
ID1,FGF2,1.0,ExTRI,19477940,default activation
ID3,FGF2,1.0,ExTRI,19477940,default activation
SOX17,CCND1,1.0,ExTRI;NTNU.Curated,19479035;21957254,default activation
PPARG,AGT,-1.0,ExTRI;NTNU.Curated,19564408,PMID
ID1,HGF,1.0,ExTRI,19567783;24177224,default activation
ESR1,DACH1,1.0,ExTRI;NTNU.Curated,19605405,PMID
PPARG,HCAR2,1.0,ExTRI;GEREDB;NTNU.Curated,19633298,PMID
RUNX2,COL1A2,1.0,ExTRI;NTNU.Curated;SIGNOR,11106645;11331591;19649655,PMID
RUNX2,FN1,1.0,ExTRI;NTNU.Curated,19649655,PMID
ESR1,EDNRA,1.0,ExTRI,19749156;20211987,default activation
ESR1,FHL1,1.0,ExTRI,19840196,default activation
PPARG,SLC4A1,-1.0,ExTRI;NTNU.Curated,19850645,PMID
ESR1,MME,1.0,ExTRI,19897485,default activation
ESR1,SLC34A2,1.0,ExTRI,19898264,default activation
MYB,IGF1,1.0,ExTRI;GEREDB,19427836;1990279;21406062,PMID
ETS2,MMP2,1.0,ExTRI;GEREDB;NTNU.Curated;TRRUST,19939245;22108824,PMID
PPARG,HP,1.0,ExTRI;NTNU.Curated,19952271,default activation
ID1,CTSK,-1.0,ExTRI;NTNU.Curated,19956687,PMID
RARB,ADH1C,1.0,ExTRI,1996113,default activation
MECOM,CA3,-1.0,ExTRI;GEREDB,20015077,PMID
SMAD1,IGF2,1.0,ExTRI,20029376,regulon
MYB,CXCL12,1.0,CytReg;ExTRI;HTRI,20043041,PMID
SOX4,NCAM1,1.0,ExTRI;GEREDB;NTNU.Curated;TRRUST,20049565,PMID
SOX17,STS,1.0,ExTRI,20123909,default activation
XBP1,NPPB,1.0,ExTRI;SIGNOR;TRRUST,20170659,PMID
ESR1,PTGDS,1.0,ExTRI;GEREDB,20193744,PMID
RUNX2,ABCB1,1.0,ExTRI;NTNU.Curated,20197312,PMID
GATA2,GATA2,1.0,ExTRI;NTNU.Curated;SIGNOR,20216212;27545880,PMID
IKZF2,IL2RA,1.0,ExTRI,20226531,default activation
RUNX2,HAPLN1,1.0,ExTRI;NTNU.Curated;TFactS,20339004,PMID
NR2F2,NRP2,1.0,ExTRI;GEREDB;NTNU.Curated;Pavlidis2021,20364082;22492355,PMID
HAND2,SHH,1.0,ExTRI;GEREDB;NTNU.Curated,12070084;16717186;20386744;20826535;22438573,PMID
BCL11A,HBD,1.0,ExTRI,20395365,default activation
BCL11A,HBG1,-1.0,ExTRI;GEREDB;GOA;Pavlidis2021;SIGNOR,19657335;20395365;20712774;23576758;29606353,PMID
SOX6,HBG1,-1.0,ExTRI;NTNU.Curated;SIGNOR,20395365,PMID
TP63,FLT1,1.0,ExTRI,20422012,default activation
NFE2,ALAS2,1.0,ExTRI;NTNU.Curated,2050125,default activation
ESR1,NELL2,1.0,ExTRI;GEREDB,20538601,PMID
PPARG,IL10,1.0,ExTRI;NTNU.Curated;SIGNOR,20553736,PMID
PROX1,GHRHR,1.0,ExTRI,20558617,default activation
NR4A3,ICAM1,1.0,ExTRI;GEREDB,20558821,PMID
EOMES,NES,1.0,ExTRI,20575070,default activation
PPARG,RUNX2,-1.0,ExTRI;GEREDB;NTNU.Curated,12704187;12878983;18715135;20589837,PMID
ZFHX3,ZFHX3,1.0,ExTRI,20599712;21367855,default activation
PPARG,NOX4,1.0,ExTRI;GEREDB;GOA;NTNU.Curated,20622120;31023188,default activation
TFAP2B,CD36,1.0,ExTRI;NTNU.Curated,20659467,PMID
ESR1,ZFHX3,1.0,DoRothEA-A;ExTRI;TRRUST,18414489;21367855,PMID
ZFHX3,ESR1,1.0,ExTRI,20720010,default activation
HAND2,FN1,1.0,ExTRI,20724450,default activation
SOX17,LEF1,-1.0,ExTRI;NTNU.Curated,20802155,PMID
EGR3,CSF2,1.0,ExTRI,20802406,default activation
SMAD1,ACTA2,1.0,ExTRI;GEREDB,17525996;20803090,regulon
ERG,EGFL7,1.0,ExTRI;NTNU.Curated,20808444,regulon
GATA2,EGFL7,1.0,ExTRI;GEREDB;NTNU.Curated,20808444,regulon
MEIS2,KRT19,1.0,ExTRI;NTNU.Curated,20808819,PMID
WT1,CDH5,1.0,ExTRI,20811903,default activation
ATF3,AQP1,1.0,ExTRI,20828393,default activation
WT1,SULF1,1.0,ExTRI,20855470,default activation
FOXP2,PLAUR,1.0,DoRothEA-A;ExTRI;HTRI;TRRUST,20858596;21711233,PMID
BATF,SNCA,1.0,ExTRI,20890291,default activation
TBX15,TBX15,1.0,ExTRI,20962579,default activation
ERG,ICAM1,-1.0,ExTRI;NTNU.Curated;SIGNOR;TRRUST,20966395;22235125;22337883,PMID
WT1,IL10,1.0,CytReg;ExTRI;GEREDB,20974136,PMID
NR2F2,FLT1,-1.0,ExTRI;GEREDB,20978203,PMID
ERG,VWF,1.0,ExTRI;NTNU.Curated;SIGNOR;TRRUST,19359602;20980682;22235125;9444957,PMID
ID3,BMP2,1.0,ExTRI,21056086,default activation
MITF,KCNMA1,1.0,ExTRI;TRRUST,21072171,default activation
ZEB2,GJA1,-1.0,ExTRI;GEREDB;NTNU.Curated,21079000,PMID
MYB,HBG1,1.0,ExTRI;GEREDB,16631597;21092141,default activation
NR4A3,HGF,1.0,ExTRI,21094130,default activation
HES1,CTNND2,-1.0,ExTRI;SIGNOR;TFactS,21106062,PMID
PPARG,CCL20,-1.0,ExTRI;NTNU.Curated,21109018,PMID
RARB,HPGDS,1.0,ExTRI,21116117,default activation
TP63,PTGS2,1.0,ExTRI;NTNU.Curated,21150337,default activation
ID1,ID3,1.0,ExTRI,21156287;22564737,default activation
PPARG,CDH2,-1.0,ExTRI;NTNU.Curated,21159608,PMID
ERG,TFF3,1.0,ExTRI;NTNU.Curated;TRRUST,21170267,regulon
TOX3,C3,1.0,ExTRI;NTNU.Curated,21172805,PMID
ESR1,PKIB,1.0,ExTRI;NTNU.Curated,21180879,default activation
TBX3,GATA6,-1.0,ExTRI,21189255,regulon
ID4,IGFBP3,1.0,ExTRI,21194482,default activation
FEZF2,FEZF2,1.0,ExTRI,21228164,default activation
NFE2,AHSP,1.0,ExTRI;HTRI;NTNU.Curated,21232177,PMID
ZEB2,COL1A2,-1.0,ExTRI;NTNU.Curated,21236582,PMID
ATF3,LDLR,-1.0,DoRothEA-A;ExTRI;HTRI;TRRUST,21294679,PMID
ATF3,SLC11A1,1.0,ExTRI;NTNU.Curated,21300803;23187734,PMID
TP63,DELEC1,1.0,ExTRI;TRRUST,21317427,default activation
WT1,ALDH1A2,1.0,ExTRI,21343363,default activation
ERG,CCN3,1.0,ExTRI,21343615,regulon
ZEB2,ANGPT1,1.0,ExTRI;NTNU.Curated,21355089,PMID
RBPJ,CDH2,1.0,ExTRI;TFactS,16618740;21397841,PMID
ATF3,TREM1,1.0,ExTRI;NTNU.Curated,21421043,default activation
EGR3,TREM1,1.0,ExTRI,21421043,default activation
EGR3,TYROBP,1.0,ExTRI,21421043,default activation
TBX3,SPP1,-1.0,ExTRI;NTNU.Curated,21455926,PMID
ATF3,ID1,-1.0,ExTRI;TRRUST,20565867;21467165,PMID
ID1,MMP2,1.0,ExTRI,21467165,default activation
RBPJ,BMP2,1.0,ExTRI,21471203,default activation
GATA6,CAV1,-1.0,ExTRI;TRRUST,21514437,PMID
ERG,ERG,1.0,ExTRI;NTNU.Curated;SIGNOR;TRRUST,21536859,PMID
PAX5,FHL2,1.0,ExTRI;TRRUST,21540083,PMID
PAX5,CSF1R,-1.0,ExTRI;Pavlidis2021,16482219;21549805,PMID
TFAP2B,CRYAB,1.0,ExTRI;SIGNOR;TRRUST,21556774,PMID
PPARG,RARRES2,1.0,ExTRI;GEREDB;NTNU.Curated,19929432;21572083,PMID
PPARG,DLK1,1.0,ExTRI;NTNU.Curated,21585338,PMID
NFE2,HBG1,1.0,ExTRI;NTNU.Curated;SIGNOR,16287851;21609963,PMID
ERG,RHOJ,1.0,ExTRI;NTNU.Curated,21628409,PMID
ESR1,CCN2,1.0,ExTRI,21629692,default activation
GATA2,EMCN,1.0,ExTRI;NTNU.Curated,21666600,PMID
ERG,SPP1,1.0,ExTRI;NTNU.Curated;SIGNOR;TRRUST,21669963;23093599,PMID
GATA2,SNCA,1.0,ExTRI;GEREDB;NTNU.Curated,18669654;19864173;21699982,regulon
SOX17,ROBO4,1.0,ExTRI,21730073,default activation
ESR1,LCN2,1.0,ExTRI,21741997,default activation
MITF,LYN,1.0,ExTRI,21791602,default activation
ERG,CRISP3,1.0,ExTRI;NTNU.Curated;TRRUST,21814574,regulon
IRF4,IFNG,1.0,CytReg;ExTRI,20674401;21816905,PMID
ESR1,SCARB1,1.0,ExTRI,21820658;23192982,default activation
NR4A3,ADCYAP1,1.0,ExTRI,21824204,default activation
FOXP2,MET,-1.0,ExTRI;SIGNOR;TRRUST,21832174,PMID
SOX17,COMP,1.0,ExTRI,21843649,default activation
BATF,CD8A,1.0,ExTRI,21873234,default activation
IRF4,IL2,1.0,CytReg;ExTRI,12374808;21890374,PMID
ATF3,CLDN1,1.0,ExTRI,21900211,default activation
ATF3,ITGA7,1.0,ExTRI,21900211,default activation
ATF3,SERPINE2,1.0,ExTRI;NTNU.Curated,21900211,default activation
XBP1,RUNX2,1.0,ExTRI;NTNU.Curated,21907184,default activation
AIRE,AIRE,1.0,ExTRI,21913832,default activation
AIRE,IL2RA,1.0,ExTRI,21913832,default activation
TP63,TNF,1.0,ExTRI,21933882;23071313,default activation
HEY1,BMP2,-1.0,ExTRI;TRRUST,21945409,PMID
TP63,CSF2,1.0,ExTRI,2196176;2854202,default activation
TP63,IL2,1.0,ExTRI,2196176;9032395,default activation
RBPJ,PTGS2,1.0,ExTRI;NTNU.Curated,21976141,PMID
LEF1,IDO1,1.0,ExTRI;NTNU.Curated,21980470,regulon
RUNX2,CCN2,-1.0,ExTRI;NTNU.Curated,21986102,PMID
MYBL1,LDHC,1.0,ExTRI,21998171,default activation
RUNX2,CSF2,1.0,ExTRI;NTNU.Curated,22032690,regulon
EGR3,GABRB3,1.0,ExTRI,22082659,default activation
MYB,KDR,1.0,ExTRI,22116818,default activation
PPARG,F3,-1.0,ExTRI;NTNU.Curated,22140576,PMID
FOXC2,KDR,1.0,ExTRI;NTNU.Curated,22167188,default activation
LEF1,MMP2,1.0,ExTRI;NTNU.Curated,22168911,PMID
RORB,RORB,1.0,ExTRI,22189870,default activation
PPARG,MMP9,-1.0,ExTRI;NTNU.Curated;TRRUST,20021931;22207709;22472882;9665460,PMID
ERG,CLDN5,1.0,ExTRI;GOA;NTNU.Curated;SIGNOR,22235125,PMID
SOX18,MMP7,1.0,ExTRI;NTNU.Curated,22292085,regulon
HES1,GRIA1,1.0,ExTRI,22302822,default activation
ASCL1,GRIA1,1.0,ExTRI,22302822,default activation
TFAP2B,APOE,1.0,ExTRI,22325097,default activation
ETS2,SYK,1.0,ExTRI;NTNU.Curated,22354960,PMID
ETS2,ACKR3,1.0,ExTRI,22355284,regulon
ETS2,IGF1,1.0,ExTRI,22355284,regulon
ETS2,LMO3,1.0,ExTRI,22355284,regulon
ETS2,PLPP1,1.0,ExTRI,22355284,regulon
ETS2,SLIT2,1.0,ExTRI,22355284,regulon
MITF,NOX4,1.0,ExTRI,22401855,default activation
RFX2,FGF1,1.0,ExTRI;TRRUST,22415835;23647222,default activation
ATF3,SORT1,-1.0,ExTRI;NTNU.Curated,22466652,PMID
PPARG,SYK,1.0,ExTRI;NTNU.Curated,22472882,PMID
ATF3,CH25H,1.0,ExTRI,22473958,default activation
MECOM,PPARG,1.0,ExTRI;NTNU.Curated,22473998,default activation
ASCL1,ACTA2,1.0,ExTRI,22488473,default activation
ASCL1,ACTG2,1.0,ExTRI,22488473,default activation
ASCL1,TIMP1,1.0,ExTRI,22488473,default activation
RUNX2,NR2F2,-1.0,ExTRI;NTNU.Curated,22493443,PMID
NR2F2,BMP2,1.0,ExTRI,22493443,default activation
TP63,HGF,1.0,ExTRI,22521434,default activation
PPARG,FGF1,1.0,ExTRI;NTNU.Curated;TRRUST,22522926,PMID
RUNX2,OSR2,1.0,ExTRI;NTNU.Curated,22542937,regulon
ESRRG,PCK1,1.0,ExTRI,22549789,default activation
FEZF2,SPON1,1.0,ExTRI,22592270,default activation
PPARG,LDLR,-1.0,ExTRI;GEREDB;NTNU.Curated,19594758;19681867;22593575,PMID
ATF3,GADD45G,1.0,ExTRI,22607375,default activation
NR2F2,EYA1,1.0,ExTRI,22669823,default activation
RUNX2,TNFAIP6,-1.0,ExTRI;NTNU.Curated,22713854,PMID
RBPJ,ASCL1,-1.0,ExTRI;Pavlidis2021;TFactS,11306509;22718343;9102301;9133387,PMID
HEY1,PROX1,-1.0,ExTRI;TRRUST,22719258,PMID
NR2F2,EFNB2,1.0,ExTRI,22734039;23744056,default activation
ETS2,TNF,1.0,CytReg;ExTRI,10913190;12509451;22740135,PMID
MAFB,PAPSS2,1.0,ExTRI,22753472,default activation
ESR1,GZMB,1.0,ExTRI,22753943,default activation
MAFB,C1QA,1.0,ExTRI;NTNU.Curated,22784578,default activation
ESR1,RAB31,1.0,ExTRI,22792175,default activation
PAX5,RUNX2,1.0,ExTRI;NTNU.Curated,22807088,default activation
ETS2,ABCB1,1.0,ExTRI,22819965,regulon
MAFB,CCL2,1.0,ExTRI;IntAct,22820162,default activation
MAFB,SPOCK1,1.0,ExTRI,22820162,default activation
ID1,RUNX2,1.0,ExTRI;NTNU.Curated,22821892,default activation
GATA6,BMP2,1.0,ExTRI,22855527,default activation
GATA2,IL1RL1,1.0,ExTRI;NTNU.Curated;TRRUST,22865859,PMID
ESR1,FHL2,1.0,ExTRI;NTNU.Curated,22902638,default activation
ATF3,CALCA,1.0,ExTRI,22905241,default activation
HES1,LDLR,1.0,ExTRI;NTNU.Curated,22913986,default activation
SOX17,SOX17,1.0,ExTRI,22921431;23241958,default activation
ESR1,MMP3,1.0,ExTRI,22927007;24374826,default activation
MAFB,MMP3,1.0,ExTRI,22961837,default activation
PPARG,RGS5,1.0,ExTRI;NTNU.Curated,22962432,default activation
RARB,IL1B,1.0,ExTRI,22964004,default activation
NFE2,ANK1,1.0,ExTRI;NTNU.Curated,22968456,default activation
RUNX2,FGF10,1.0,ExTRI;NTNU.Curated,22972545,regulon
ESR1,TEK,1.0,ExTRI;NTNU.Curated,23027806,PMID
ID3,VCAM1,1.0,ExTRI,23042815,default activation
SMAD6,PPARG,1.0,ExTRI;NTNU.Curated,23071089,default activation
TP63,IL6,1.0,CytReg;ExTRI,23071313;27132513;8258457,default activation
NR6A1,CR1,1.0,ExTRI,23129342,default activation
NR5A2,CR1,1.0,ExTRI,23129342,default activation
RUNX2,COL1A1,1.0,ExTRI;NTNU.Curated;SIGNOR,11106645;11331591;23159876;24404380,PMID
ESR1,KRT5,1.0,ExTRI,23184698,default activation
XBP1,TNFSF11,1.0,ExTRI,23235147,default activation
SOX17,KDR,1.0,ExTRI,23241958,default activation
HES1,GATA2,-1.0,ExTRI;NTNU.Curated,23267012,PMID
ESR1,PRKG1,1.0,ExTRI,23274518,default activation
GATA6,PPP1R14A,1.0,ExTRI;NTNU.Curated,23275439;25031021,PMID
IKZF2,IL2,1.0,CytReg;ExTRI,23275607,PMID
GATA6,MYH6,1.0,ExTRI,23284745,default activation
SOX4,CDH2,1.0,ExTRI;NTNU.Curated,23301048,PMID
NRG1,EGR3,1.0,ExTRI,23318675,default activation
ATF3,IRAK3,1.0,ExTRI,23335080,default activation
MYB,FLT3,1.0,ExTRI,23340802,default activation
MITF,IGF1,1.0,ExTRI,23349796,default activation
MITF,SPP1,1.0,ExTRI,23349796,default activation
ESR1,ACKR3,1.0,ExTRI,23352615,default activation
RUNX2,GJA1,1.0,ExTRI;NTNU.Curated,23376077,PMID
NRG1,MMP9,1.0,ExTRI,23378579,default activation
PPARG,ACSL1,1.0,ExTRI;NTNU.Curated,23426369,PMID
PAX5,THBS1,1.0,ExTRI,23438850,default activation
BATF,CCR9,1.0,ExTRI,23460729,default activation
BATF,SLC11A1,1.0,ExTRI,23460729,default activation
EGR3,NGF,1.0,ExTRI,23467373,default activation
WT1,CDH2,1.0,ExTRI,23469079,default activation
SOX4,GCKR,1.0,ExTRI;NTNU.Curated,23482931,PMID
EGR3,TNF,1.0,ExTRI,23485457,default activation
MECOM,CLDN1,1.0,ExTRI,23517670,default activation
ESR1,KRT15,1.0,ExTRI,23518503,default activation
E2F3,IGF2,1.0,ExTRI,23530192,regulon
GATA6,CX3CL1,1.0,ExTRI;NTNU.Curated,23583651,default activation
GATA6,SERPINE1,1.0,ExTRI;NTNU.Curated,23583651,default activation
ESR1,TRIM63,1.0,ExTRI,23626011,default activation
ESR1,ST8SIA1,1.0,ExTRI,23626833,default activation
THRB,PLA2G2A,1.0,ExTRI,23629656,default activation
ESRRG,SPP1,1.0,ExTRI,23633411,default activation
MAFB,FBP1,1.0,ExTRI,23657116,default activation
ID1,PTGS2,1.0,ExTRI;NTNU.Curated,23657791,default activation
LEF1,FN1,1.0,ExTRI;GEREDB;NTNU.Curated,17452626;23677615,PMID
NR4A3,KRT5,1.0,ExTRI,23719032,default activation
NPAS2,NPAS2,1.0,ExTRI,23788059,default activation
ESR1,IGFBP3,1.0,ExTRI,23810988,default activation
RUNX2,THBS1,1.0,ExTRI;NTNU.Curated,23846726,PMID
AIRE,BMP2,1.0,ExTRI,23850677,default activation
TBX2,GJC1,1.0,ExTRI,23877224,default activation
TBX3,GJC1,-1.0,ExTRI,23877224,regulon
ASCL1,SCG3,1.0,ExTRI,23889332,default activation
GATA2,NRP2,1.0,ExTRI;NTNU.Curated,23892628,regulon
ESR1,NOTCH4,1.0,ExTRI,23917222,default activation
EOMES,CCL3,1.0,ExTRI,24006458,default activation
EOMES,IL2,1.0,ExTRI,24006458,default activation
THRB,KCNMA1,1.0,ExTRI,24012852,default activation
GATA2,ADCYAP1,1.0,ExTRI;NTNU.Curated,24018543,PMID
ESR1,AQP1,1.0,ExTRI,24049078,default activation
NR5A2,AQP1,1.0,ExTRI,24049078,default activation
SMAD1,KRT14,1.0,ExTRI,24126843,regulon
ZEB2,CDH11,1.0,ExTRI;NTNU.Curated,24130169,PMID
RUNX2,HBEGF,-1.0,ExTRI;NTNU.Curated,24136232,PMID
TP63,IGFBP7,1.0,ExTRI,24145187,default activation
MYB,STS,1.0,ExTRI,24151295,default activation
DPF3,DPF3,1.0,ExTRI,24155890,default activation
TP63,IL7,1.0,ExTRI,24224652,default activation
ATOH8,HAMP,1.0,ExTRI,24236640,default activation
TBX20,PPARG,1.0,ExTRI;NTNU.Curated,24247152,default activation
TBX20,TBX20,1.0,ExTRI,24247152,default activation
MITF,IFNG,1.0,ExTRI,24267286,default activation
LEF1,FST,1.0,ExTRI;NTNU.Curated;SIGNOR,24344199,PMID
ESR1,RELN,1.0,ExTRI,24344333,default activation
IRF4,ITGAM,1.0,ExTRI;NTNU.Curated,24362890,PMID
ESR1,THBS2,1.0,ExTRI,24374826,default activation
SOX17,FN1,-1.0,ExTRI;NTNU.Curated;TRRUST,24407731,PMID
SOX17,MACC1,-1.0,ExTRI;NTNU.Curated;TRRUST,24407731,PMID
NR4A3,CYBB,1.0,ExTRI,24407906,default activation
GATA6,SHH,1.0,ExTRI,24415953,default activation
ATF3,CCL2,1.0,CytReg;ExTRI,24420912;26554515,PMID
NR2F2,PTGS2,-1.0,ExTRI;NTNU.Curated,24423359,PMID
NR2F2,TNF,1.0,ExTRI,24423359,default activation
ATF3,CXCL1,-1.0,ExTRI;NTNU.Curated,24470589,PMID
ESR1,IBSP,1.0,ExTRI,24495337,default activation
ESR1,TLR2,1.0,ExTRI;NTNU.Curated,24508688,PMID
MYB,HRH1,1.0,ExTRI;TRRUST,24535227,default activation
GATA2,FCER1G,1.0,ExTRI;NTNU.Curated,24639354,PMID
GATA2,MS4A2,1.0,ExTRI;NTNU.Curated;Pavlidis2021;TRRUST,24639354,PMID
ZEB2,ESR1,1.0,ExTRI;NTNU.Curated,24771346,PMID
PPARG,PLPP1,1.0,ExTRI;NTNU.Curated,24955089,default activation
MYB,DUSP6,1.0,ExTRI;NTNU.Curated,24978307,PMID
POU4F2,PRL,1.0,ExTRI,2550324,default activation
TBX15,SERPINA1,1.0,ExTRI,2835657,default activation
TP63,SGIP1,1.0,ExTRI,3025015,default activation
ETS2,KRT8,1.0,ExTRI;TFactS,7510396;8892757,PMID
MYB,PROM1,1.0,ExTRI,7523384,default activation
ETS2,CCND1,1.0,ExTRI;GEREDB,7559524,PMID
RARB,ICAM1,1.0,ExTRI,7647034,default activation
NR2F1,MAP2,-1.0,ExTRI;GEREDB,7674376,PMID
MYB,CSF2,1.0,ExTRI;GEREDB,7688794,default activation
WT1,IGF1,-1.0,ExTRI;TRRUST,7791758;9076342,PMID
RBPJ,FCER1G,1.0,ExTRI,8057421,default activation
ETS2,PRL,-1.0,ExTRI;NTNU.Curated,8114693,PMID
MYF6,DES,1.0,ExTRI;Pavlidis2021;SIGNOR,8062833;8382796,PMID
MYF6,FGF2,1.0,ExTRI,8413199,default activation
FOXC2,CCL3L3,1.0,ExTRI,8474441,default activation
NR2F2,CETP,1.0,ExTRI,8530390,default activation
TP63,IFNG,1.0,ExTRI,8551218,default activation
ETS2,CSF1R,1.0,ExTRI;NTNU.Curated,8552081;8981363;9506963,PMID
MECOM,CSF1R,1.0,ExTRI,8577711;8585955;9209363,default activation
WT1,CCN3,1.0,DoRothEA-A;ExTRI;TFactS;TRRUST,11502835;8622864;9626060,PMID
ESR1,GHRHR,1.0,ExTRI;NTNU.Curated,8625613,default activation
PAX5,XBP1,-1.0,DoRothEA-A;ExTRI;GEREDB;HTRI;TRRUST,12524387;17257674;20483239;8627152,PMID
ESR1,CA2,1.0,ExTRI,8647884,default activation
NRG1,KDR,1.0,ExTRI,8651595,default activation
MITF,HP,1.0,ExTRI,8749302,default activation
ESR1,CALCA,1.0,ExTRI,8751579,default activation
CUX2,NCAM1,1.0,ExTRI,8798433,default activation
ESR1,MPPED2,1.0,ExTRI,8869594,default activation
PAX5,JCHAIN,1.0,ExTRI,8885870;9808580,default activation
NFE2,HDC,1.0,ExTRI;NTNU.Curated,8910469,default activation
ERG,MMP3,-1.0,DoRothEA-A;ExTRI;HTRI;NTNU.Curated,8957070;9334186,PMID
ETS2,MMP3,1.0,ExTRI;GEREDB;TRRUST,10358095;8957070;9334186,PMID
ESR1,IGFBP1,1.0,ExTRI,9014838,default activation
ID3,CKM,1.0,ExTRI,9016574,default activation
GATA2,PECAM1,1.0,DoRothEA-A;ExTRI;HTRI;NTNU.Curated;TRRUST,9028949,PMID
TP63,IGFBP2,1.0,ExTRI,9032395,default activation
MYB,ALOX5,1.0,ExTRI;NTNU.Curated,9068066,default activation
ETS2,HBEGF,1.0,ExTRI;NTNU.Curated,9111309,PMID
GATA6,HDC,-1.0,ExTRI;GEREDB;TFactS,18547288;9136834,PMID
THRB,MMP12,1.0,ExTRI,9174159,default activation
POU4F2,SNAP25,1.0,ExTRI,9223099,default activation
ID1,CKM,-1.0,ExTRI;GEREDB,9235903,PMID
ID3,NGF,1.0,ExTRI,9243590,default activation
MYB,ITGAX,1.0,ExTRI,9250811,default activation
TFEC,HMOX1,1.0,ExTRI;NTNU.Curated,9256061,default activation
NR2F2,SHH,1.0,ExTRI,9280061,default activation
WT1,CALCA,1.0,ExTRI,9365158,default activation
WT1,GHRHR,1.0,ExTRI,9366517,default activation
MYB,FGF2,1.0,ExTRI;GEREDB,9372243,default activation
TP63,EEF1A2,1.0,ExTRI,9426609,default activation
TP63,HLA-DQB1,1.0,ExTRI,9426609,default activation
NR4A3,CSF2,1.0,ExTRI,9473212,default activation
PAX5,LEF1,1.0,ExTRI;NTNU.Curated;TRRUST,9545244,PMID
LEF1,PAX5,1.0,GEREDB,12244173,regulon
MITF,GZMB,1.0,ExTRI;TFactS,1999537;9558376,default activation
ETS2,ICAM1,1.0,ExTRI;GEREDB;TRRUST,9572487,PMID
ESR1,FCER1G,1.0,ExTRI,9686563,default activation
MYB,THBS2,1.0,ExTRI;GEREDB,9694906,default activation
POU4F2,ESR1,1.0,ExTRI,9702189,default activation
TBX2,FN1,1.0,ExTRI,9710594,default activation
MYB,S100A9,1.0,ExTRI,9717674,default activation
ESR1,CTLA4,1.0,ExTRI,9731700,default activation
PAX5,IGHE,1.0,ExTRI,9743352,default activation
ESR1,IL1B,1.0,ExTRI,9744517,default activation
AIRE,CXCL8,1.0,ExTRI,9761780,default activation
ESR1,MYB,1.0,DoRothEA-A,18414489,default activation
MYB,ESR1,1.0,ExTRI,9815978,default activation
ASCL1,NES,1.0,ExTRI,9876174,default activation
PROX1,NES,1.0,ExTRI,9876174,default activation
SMAD1,COL1A2,1.0,ExTRI;NTNU.Curated,9886263,regulon
NR2F1,ESR1,1.0,ExTRI,9914518,default activation
NR2F2,ESR1,1.0,ExTRI,9914518,default activation
NRG1,NGF,1.0,ExTRI,9933612,default activation
ETS2,TFEC,1.0,ExTRI,9973413,regulon
ASCL1,PCSK6,-1.0,DoRothEA-A;GEREDB;GOA;HTRI;Pavlidis2021;TRRUST,11736660,PMID
ATF3,CCL5,1.0,CytReg;DoRothEA-A;HTRI;TRRUST,10760799,PMID
E2F3,MT1G,1.0,HTRI,15735762,regulon
ESR1,ADCYAP1,1.0,HTRI,20034404,default activation
ESR1,CD86,1.0,DoRothEA-A;HTRI,20034404,default activation
ESR1,CLDN4,1.0,DoRothEA-A;HTRI,20034404,default activation
ESR1,GRIK1,1.0,HTRI,20034404,default activation
ESR1,MB,1.0,DoRothEA-A;HTRI,20034404,default activation
ESR1,CCL7,1.0,HTRI,20034404,default activation
ESR1,XCL2,1.0,HTRI,20034404,default activation
GATA2,CYBB,-1.0,DoRothEA-A;GEREDB;HTRI;SIGNOR;TRRUST,10734088,PMID
GATA2,RNASE2,1.0,HTRI;Pavlidis2021,19279013,PMID
GATA2,WT1,1.0,DoRothEA-A;HTRI;Pavlidis2021;TFactS;TRRUST,19212333,PMID
POU4F2,CCND1,1.0,DoRothEA-A;GEREDB;GOA;HTRI;TRRUST,17637757,PMID
RARB,FOLR2,1.0,HTRI,12543860,default activation
RARB,PLAT,1.0,DoRothEA-A;GEREDB;HTRI;TFactS,19538480,PMID
TP63,CHN1,1.0,HTRI,17521434,default activation
TP63,SYN3,1.0,HTRI,17521434,default activation
TP63,TBX20,1.0,HTRI,17521434,default activation
TP63,POF1B,1.0,HTRI,17521434,default activation
TP63,LRMDA,1.0,HTRI,17521434,default activation
ASCL1,DKK1,-1.0,Pavlidis2021;SIGNOR;TRRUST,19744316;23707066,PMID
ASCL1,IGF2,-1.0,TRRUST,20842449,PMID
BARX2,ESR1,1.0,TRRUST,16636675,default activation
CREB5,DGKG,1.0,SIGNOR;TRRUST,21132541,default activation
CREB5,RASGRP3,-1.0,SIGNOR;TRRUST,21132541,PMID
DACH1,TNFSF11,1.0,CytReg;TRRUST,17891780,default activation
EGR3,SPRY1,1.0,TRRUST,21826097,default activation
ERG,ADAMTS1,1.0,SIGNOR;TRRUST,19396168,PMID
ERG,EPB41L3,-1.0,SIGNOR;TRRUST,20860828,PMID
ERG,FGF2,-1.0,TRRUST,12137767,PMID
ERG,HPGD,1.0,TRRUST,21178489,regulon
ERG,SOX4,1.0,TRRUST,24435928,regulon
ESR1,CXCL12,1.0,CytReg;GOA;TRRUST,18563714,PMID
ETS2,CD163,1.0,TRRUST,10725797,regulon
ETS2,CSF3R,1.0,TRRUST,7964503,PMID
ETS2,CXCL8,1.0,CytReg;TRRUST,12438253,PMID
ETS2,ERG,1.0,TRRUST,7731694,PMID
ETS2,MSR1,1.0,TRRUST,8114743,PMID
ETS2,VWF,1.0,TRRUST,9444957,regulon
FHL2,CCND1,-1.0,TRRUST,21377781,PMID
HDAC9,ESR1,-1.0,TRRUST,19185986,PMID
HDAC9,IGFBP1,-1.0,TRRUST,12609987,PMID
HDAC9,PRL,-1.0,TRRUST,12609987,PMID
HEY1,ACTA2,-1.0,TRRUST,18239137,PMID
IRF4,FCER2,1.0,SIGNOR;TRRUST,11342629,PMID
IRF4,MS4A1,1.0,TRRUST,19769942,default activation
LEF1,CCL7,1.0,CytReg;TFactS;TRRUST,11118053,regulon
LEF1,ESR1,-1.0,GOA;TRRUST,18794125,PMID
LEF1,NRCAM,1.0,TFactS;TRRUST,12183361,PMID
LEF1,PRL,1.0,TRRUST,17240357,regulon
LMO3,ASCL1,1.0,SIGNOR;TRRUST,21573214,default activation
LMO3,HES1,-1.0,SIGNOR;TRRUST,21573214,PMID
MITF,BCL2A1,-1.0,TRRUST,23447565,PMID
MITF,GPNMB,1.0,TFactS;TRRUST,18983539;19067971;1999537,PMID
MYB,COL1A1,1.0,TRRUST,9989795,PMID
MYB,CSF3R,-1.0,TRRUST,7964503,PMID
MYB,ICAM1,-1.0,TRRUST,21953443,PMID
MYB,IL7,1.0,TRRUST,11675351,PMID
MYOCD,ACTG2,1.0,GOA;NTNU.Curated;SIGNOR;TRRUST,19797053;24106278,PMID
NR2F2,HEY1,1.0,TRRUST,23345397,default activation
NR2F2,NTS,1.0,TRRUST,21030593,default activation
PAX5,CCND1,-1.0,TRRUST,22105368,PMID
PAX5,FCER2,1.0,Pavlidis2021;TRRUST,12731041;17513763,default activation
PAX5,MET,1.0,GEREDB;TRRUST,19139719;24628993,PMID
PAX5,TIMP1,1.0,TRRUST,22105368,PMID
PPARG,CD83,1.0,GEREDB;TRRUST,15356156;20672290,PMID
PPARG,GDF15,1.0,GEREDB;TRRUST,14662774;20385121,PMID
PPARG,ICAM1,-1.0,GEREDB;TRRUST,10512746;10645917;17183189;17425601;17610002;18206249;19345798;19524923,PMID
PPARG,JAG1,1.0,TRRUST,20436223,default activation
PPARG,NOTCH4,1.0,TRRUST,20436223,default activation
PPARG,TSHR,-1.0,TRRUST,17614769,PMID
PROX1,NR5A2,-1.0,TRRUST,19264593,PMID
RARB,THBD,1.0,GEREDB;TRRUST,11036068;9269772,PMID
RUNX2,ELANE,1.0,SIGNOR;TRRUST,14594802,PMID
RUNX2,MMP2,1.0,SIGNOR;TRRUST,22641097,PMID
RUNX2,VEGFC,1.0,SIGNOR;TRRUST,22641097,PMID
SMAD1,IBSP,1.0,NTNU.Curated;TRRUST,22492284;23485603,PMID
TBX20,FGF10,1.0,TRRUST,22303449,default activation
WT1,CD14,1.0,TRRUST,9484784,PMID
WT1,CKM,1.0,TRRUST,8389468,PMID
WT1,CX3CL1,1.0,CytReg;TRRUST,17430890,PMID
WT1,EREG,1.0,TRRUST,17430890,default activation
WT1,HBEGF,1.0,TRRUST,17430890;22641673,PMID
WT1,ITGAX,1.0,TRRUST,9484784,PMID
XBP1,CCL2,1.0,CytReg;TRRUST,16931790,PMID
XBP1,CXCL8,1.0,CytReg;TRRUST,16931790,PMID
XBP1,ESR1,1.0,GEREDB;TRRUST,12954762;15487507;15882996,PMID
XBP1,HSPA1A,1.0,TRRUST,17404501,default activation
ZEB2,MEOX2,-1.0,GEREDB;GOA;SIGNOR;TRRUST,20516212,PMID
ZFHX3,MYB,-1.0,TRRUST,15750593,PMID
RBPJ,ACTA2,-1.0,TFactS,15634680;15987768;16741155,PMID
RBPJ,AHSP,1.0,TFactS,15979417,PMID
RBPJ,CD8A,-1.0,TFactS,9881968,PMID
RBPJ,DIO2,-1.0,TFactS,15979417,PMID
RBPJ,FCER2,1.0,Pavlidis2021;TFactS,11986231;17513763,PMID
RBPJ,GATA2,1.0,TFactS,11719365;15689374,PMID
RBPJ,HBB,1.0,TFactS,15979417,PMID
RBPJ,IGHM,-1.0,TFactS,10644343,PMID
RBPJ,IL10,1.0,TFactS,15688350,PMID
RBPJ,MT1A,1.0,TFactS,15979417,PMID
RBPJ,MYH11,-1.0,TFactS,15987768,PMID
RBPJ,NES,-1.0,TFactS,15979417;17217625,PMID
RBPJ,SMTN,-1.0,TFactS,15987768,PMID
RBPJ,SPP1,1.0,TFactS,16195230,PMID
RBPJ,TAGLN,-1.0,TFactS,15634680,PMID
RBPJ,TNFSF11,1.0,TFactS,12411305,PMID
LEF1,NPPC,1.0,TFactS,12475749,PMID
SMAD6,ANKRD1,-1.0,TFactS,11139470,PMID
MITF,CADM1,1.0,GEREDB;TFactS,12456501;1999537,default activation
MITF,ITGA4,1.0,TFactS,1999537,default activation
E2F3,FBN2,1.0,TFactS,19142862,PMID
E2F3,FGF2,1.0,TFactS,19564414,PMID
RUNX2,ENPP1,1.0,NTNU.Curated;SIGNOR;TFactS,19049325;20803545,PMID
RUNX2,SMAD6,1.0,TFactS,17215250,PMID
GATA2,TAC1,1.0,GEREDB,15123623,PMID
ESR1,PPARG,-1.0,DoRothEA-A;SIGNOR,16144913,PMID
SMAD1,ID3,1.0,NTNU.Curated;TFactS,18372118;21056086,PMID
SMAD1,TAGLN,1.0,TFactS,12582250,PMID
MYB,ANK1,1.0,GOA,25857263,PMID
TFAP2B,BMP2,1.0,GOA,21829553,default activation
TFAP2B,TNF,1.0,GEREDB;GOA,16373396,PMID
ZEB2,MITF,1.0,GOA,24769727,PMID
TBX2,FRZB,-1.0,GOA,27720610,PMID
TBX2,CCND1,1.0,GOA,26486273,PMID
TBX2,GJA5,1.0,GOA,15459098,default activation
HAND2,SLIT3,-1.0,GOA,24161931,PMID
HAND2,GNAI1,-1.0,GOA,24161931,PMID
HAND2,POSTN,1.0,GOA,24161931,PMID
HAND2,PDK4,1.0,GOA,24161931,PMID
HAND2,ID1,1.0,GOA,24161931,PMID
PPARG,ACTA2,-1.0,GOA,28467929,PMID
HDAC9,LPL,-1.0,GOA,28855441,PMID
RBPJ,CDH5,-1.0,GOA,14701881,PMID
RBPJ,EFNB2,1.0,GOA,17336907,PMID
RBPJ,NRG1,1.0,GEREDB;GOA,17336907,PMID
IRF4,ALDH1A2,1.0,GOA,30413670,PMID
IRF4,ITGAX,1.0,GOA,28338898,PMID
MYOCD,MYLK,1.0,GOA;NTNU.Curated;Pavlidis2021,16260603;16407417;24252873,PMID
GATA2,KDR,1.0,GEREDB;GOA,12799070;17166922;19242469;22499991,PMID
ID3,HES1,1.0,GOA,17681138,PMID
SMAD1,RUNX2,1.0,GOA;Pavlidis2021,19664780;24692107,PMID
ZNF804A,NLGN4X,1.0,GOA,27837918,PMID
BARX2,FGF12,1.0,GOA,14744868,PMID
ESR1,TDO2,1.0,IntAct,25453901,default activation
MITF,TPSAB1,1.0,SIGNOR,20513998,PMID
HES1,PPARG,-1.0,SIGNOR,14614508,PMID
HES1,FLT3,-1.0,Pavlidis2021;SIGNOR,25234168,PMID
SOX6,PPARG,1.0,SIGNOR,26893351,PMID
FGF2,ENPP1,1.0,SIGNOR,19049325,PMID
FGF2,HBB,-1.0,SIGNOR,8142649,PMID
FGF2,HBA2,-1.0,SIGNOR,8142649,PMID
FGF2,ALPL,-1.0,SIGNOR,19049325,PMID
FGF2,BMP2,1.0,SIGNOR,15780951,PMID
RUNX2,ALPL,1.0,NTNU.Curated;Pavlidis2021;SIGNOR,11331591;15383550;17352650;18287524;19259985;23287548,PMID
SMAD1,GADD45G,1.0,SIGNOR,22219353,PMID
FOXP2,GRIN2B,1.0,SIGNOR,25232744,PMID
FOXP2,RELN,1.0,SIGNOR,25232744,PMID
ESR1,SCN9A,-1.0,SIGNOR,22169964,PMID
ETS2,IBSP,1.0,SIGNOR,11175361,PMID
NFE2,HBD,1.0,SIGNOR,16287851,PMID
GATA6,PLXNA2,1.0,SIGNOR,19666519,PMID
MECOM,ANGPT1,1.0,SIGNOR,15889140,PMID
MECOM,TEK,1.0,SIGNOR,15889140,PMID
ZNF804A,ANKRD1,1.0,SIGNOR,23434502,PMID
ZNF804A,MGAM,-1.0,SIGNOR,23434502,PMID
NR2F1,PCDH19,1.0,SIGNOR,34215582,PMID
IRF4,TNF,1.0,CytReg,22698399,PMID
IRF4,IL12B,-1.0,CytReg,12876285,PMID
IRF4,IL21,1.0,CytReg;GEREDB,19062315;20697158;22983707,PMID
IRF4,CCL3,1.0,CytReg,22698399,PMID
IRF4,CXCL9,1.0,CytReg;GEREDB,15959530,PMID
IRF4,IL7,-1.0,CytReg,22698399,PMID
BATF,IL10,1.0,CytReg,28166218,PMID
BATF,IL21,1.0,CytReg,22983707;28166218,PMID
ATF3,IL10,1.0,CytReg,20351107,PMID
ATF3,IL12B,-1.0,CytReg;GEREDB,16688168;17785797;24317040;26416280,PMID
ATF3,IL1B,1.0,CytReg;GEREDB,19097984;24951825,PMID
ATF3,CCL3,-1.0,CytReg,26416280,PMID
ESR1,CCL2,-1.0,CytReg;GEREDB,17932106;20404154,PMID
ESR1,TNFSF11,-1.0,CytReg,11356664,PMID
PPARG,CXCL3,1.0,CytReg,27512010,PMID
ID1,IFNG,1.0,CytReg;GEREDB,17012234,PMID
ID1,TNF,1.0,CytReg;GEREDB,17012234,PMID
XBP1,CXCL3,1.0,CytReg,16931790,PMID
GATA2,CSF2,1.0,CytReg,17283044,PMID
MITF,CXCL8,-1.0,CytReg;NTNU.Curated,20573688;24471568,PMID
SMAD1,CXCL12,1.0,CytReg,25069965,PMID
AIRE,TSHR,1.0,GEREDB,19264867,PMID
ASCL1,NPY,-1.0,GEREDB,16469766,PMID
ASCL1,CKM,1.0,GEREDB,1314394,PMID
ASCL1,PROK2,1.0,GEREDB,17259180,PMID
ATF3,MMP9,1.0,GEREDB,20560878,PMID
BARX2,CCND1,1.0,GEREDB,20657655,PMID
BARX2,MMP9,1.0,GEREDB,16636675,PMID
BCL11A,DCC,1.0,GEREDB,20534004,PMID
BCL11A,MAP1B,1.0,GEREDB,19616629;20534004,PMID
E2F3,SERPINE1,-1.0,GEREDB,17230448,PMID
EGR3,PRL,1.0,GEREDB,2285405,PMID
ERG,KDR,1.0,GEREDB,19244281,PMID
ESR1,PTGS2,-1.0,GEREDB,19797124;20819530,PMID
ESR1,IFNG,1.0,GEREDB,16237062;18200028,default activation
ESR1,FGF7,1.0,GEREDB,14999240;15311216;15781986,PMID
ESR1,CXCL1,1.0,GEREDB,18468914,default activation
ESR1,EDN1,-1.0,GEREDB,10432218,PMID
ESR1,RARB,1.0,GEREDB,12943740,default activation
ESR1,FCGR3A,1.0,GEREDB,17923257,default activation
ESR1,F5,1.0,GEREDB,15296482,default activation
ESR1,FGF2,1.0,GEREDB,14999240,PMID
ESR1,ABCB11,1.0,GEREDB,15456840,default activation
ESR1,ACE2,1.0,GEREDB,18192335,default activation
ESR1,APOD,-1.0,GEREDB,19107621,PMID
ESR1,VEGFC,-1.0,GEREDB,20819530,PMID
ETS2,FGL2,1.0,GEREDB,18801734,PMID
ETS2,NR2F2,1.0,GEREDB,15541767,regulon
FEZF2,SEMA5A,1.0,GEREDB,16611727,PMID
FOXC2,HEY1,1.0,GEREDB,19244248,PMID
FOXC2,DES,1.0,GEREDB,17506979,PMID
GATA2,EDNRB,1.0,GEREDB,11093771,regulon
GATA2,HBG1,1.0,GEREDB,11167015,PMID
GATA2,ADH1C,1.0,GEREDB,16153155,regulon
HAND2,NRP1,1.0,GEREDB,12613541,default activation
HAND2,NPPB,1.0,GEREDB,11994297,PMID
HAND2,IL6,1.0,GEREDB,19678539,PMID
HAND2,GJA5,1.0,GEREDB,16530167,PMID
HES1,IL6,1.0,GEREDB;Pavlidis2021,18976936;25733872,default activation
HES1,SPP1,1.0,GEREDB,18162173;9108352,default activation
HEY1,RUNX2,1.0,GEREDB,18986983,PMID
HEY1,ID1,-1.0,GEREDB,14739937,PMID
HEY1,IL6,-1.0,GEREDB,18976936,PMID
ID1,SERPINE1,1.0,GEREDB,17579118,default activation
ID1,MMP9,1.0,GEREDB,16618731,default activation
ID1,ITGA4,1.0,GEREDB,20796276,PMID
IRF4,IL6,1.0,GEREDB,18535667,default activation
LEF1,MYB,1.0,GEREDB,12244173,regulon
MAFB,CD5L,1.0,GEREDB,16127159,PMID
MAFB,MMP12,1.0,GEREDB,16127159,PMID
MECOM,MAP2,1.0,GEREDB,10470856,PMID
MECOM,SERPINE1,-1.0,GEREDB;NTNU.Curated,17409414;23517670,PMID
MEOX1,FOXC2,-1.0,GEREDB,19782461,PMID
MITF,EDNRB,1.0,GEREDB,18039926,default activation
MITF,MYL1,1.0,GEREDB,17438132,default activation
MITF,PTGDS,1.0,GEREDB,16337607,default activation
MITF,MKI67,-1.0,GEREDB,17266927,PMID
MYB,CD8A,1.0,GEREDB,12941699,default activation
MYB,KIT,1.0,GEREDB,16484593;9416832,default activation
MYB,IGFBP3,1.0,GEREDB,19427836,PMID
MYB,PLOD2,1.0,GEREDB,20604837,default activation
MYB,IGF2,1.0,GEREDB,19427836,PMID
MYB,SLAMF1,1.0,GEREDB,20383148,default activation
NR2F1,LAMC1,1.0,GEREDB,18177425,PMID
NR2F1,LAMB1,1.0,GEREDB,18177425,PMID
NR2F1,GATA6,1.0,GEREDB,18177425,PMID
NR2F2,PPARG,1.0,GEREDB,11399762,default activation
NR2F2,ANGPT1,1.0,GEREDB,20133706,default activation
NR4A3,IL6,-1.0,GEREDB,16873729,PMID
NR4A3,CCL2,-1.0,GEREDB,16873729,PMID
NR4A3,IL1B,-1.0,GEREDB,16873729,PMID
NR4A3,CCL3,-1.0,GEREDB,16873729,PMID
NR5A2,SAA1,-1.0,GEREDB,16943422,PMID
NR5A2,SULF1,1.0,GEREDB,16996052,PMID
PAX5,CR1,1.0,GEREDB,15067064,default activation
POU4F2,SHH,1.0,GEREDB,14973295,default activation
POU4F2,EOMES,1.0,GEREDB,18077589,default activation
PPARG,MMP2,-1.0,GEREDB,15838654;16609149;17425848;17625041;17908458;19345798,PMID
PPARG,CCL2,-1.0,GEREDB,10930382;11606585;12110006;15531761;15659119;16105976;16155367;17255125;18060855;18226310;20473515;20508203;20663893,PMID
PPARG,CX3CR1,-1.0,GEREDB,16908772;19850645,PMID
PPARG,IGF1,-1.0,GEREDB,18394717;20064783;20685873,PMID
PPARG,MRC1,1.0,GEREDB,14499109;19535643,PMID
PPARG,CD1A,1.0,GEREDB,12133943;15345223;20672290,default activation
PPARG,PDK4,-1.0,GEREDB,11181544,PMID
PPARG,MSR1,-1.0,GEREDB,11007963;9422508,PMID
PPARG,GPIHBP1,1.0,GEREDB,18787041;19369870,PMID
PPARG,GPX3,1.0,GEREDB,18936159,PMID
PPARG,HSPA1A,1.0,GEREDB,15315910;19116451,default activation
PPARG,ACTG2,-1.0,GEREDB,12055599;14702344;15077315;20037602,PMID
PPARG,AQP7,1.0,GEREDB,18997160,PMID
PPARG,CFD,-1.0,GEREDB,8923470,PMID
PPARG,CD14,1.0,GEREDB,15741503;17237441,PMID
PPARG,AQP1,1.0,GEREDB,18997160,PMID
PPARG,ADAMTS4,-1.0,GEREDB,14534304,PMID
PPARG,PAPPA,1.0,GEREDB,16388849,default activation
PPARG,COL3A1,-1.0,GEREDB,18278065,PMID
PPARG,S100A12,-1.0,GEREDB,14644389,PMID
PPARG,CCL3,-1.0,GEREDB,15698832,PMID
PPARG,IGFBP1,1.0,GEREDB,16131582,PMID
PPARG,S100A2,1.0,GEREDB,19859558,default activation
PPARG,ORM1,-1.0,GEREDB,17240171,PMID
PPARG,MMP12,-1.0,GEREDB;NTNU.Curated,16127159,PMID
PPARG,TLR2,-1.0,GEREDB,17237441,PMID
PPARG,CD86,1.0,GEREDB,20672290,default activation
PPARG,PPP1R14A,-1.0,GEREDB,20008283,PMID
PROX1,ITGA9,1.0,GEREDB,17287396,PMID
RARB,IGFBP3,1.0,GEREDB,16760641,default activation
RARB,DES,-1.0,GEREDB,12223147,PMID
RARB,CA2,-1.0,GEREDB,8093562,PMID
RBPJ,CYP26A1,1.0,GEREDB,17098223,default activation
RBPJ,MMP9,1.0,GEREDB,19290049;20147635,default activation
RBPJ,EPHA3,-1.0,GEREDB,12954716,PMID
RBPJ,ESR1,1.0,GEREDB,9043084,PMID
RUNX2,SHH,1.0,GEREDB,18262513,PMID
RUNX2,RGS2,1.0,GEREDB,12746312;18625716,PMID
RUNX2,IL1B,1.0,GEREDB,16549373,regulon
RUNX2,SPOCK1,-1.0,GEREDB,18313048,PMID
RUNX2,TSHR,-1.0,GEREDB,18381576,PMID
SMAD1,CCN2,1.0,GEREDB,18668566;20522428,PMID
SMAD1,GATA2,1.0,GEREDB,17183467,regulon
SMAD1,ALPL,1.0,GEREDB,11477103,PMID
SMAD6,PROM1,-1.0,GEREDB,20196115,PMID
SMAD9,ID1,1.0,GEREDB,17579118,regulon
TBX3,IBSP,-1.0,GEREDB,19115250,PMID
TBX3,RUNX2,-1.0,GEREDB,19115250,PMID
TFAP2B,MMP2,1.0,GEREDB,11310795;12741683,PMID
THRB,FN1,1.0,GEREDB,15525600,PMID
THRB,PTGDS,1.0,GEREDB,9162076,PMID
THRB,LDLR,1.0,GEREDB,19916081,default activation
WT1,NES,1.0,GEREDB,17912546;18212735,PMID
WT1,ITGA4,1.0,GEREDB,16920711,PMID
WT1,GNAI1,-1.0,GEREDB,8530517,PMID
XBP1,IGF1,1.0,GEREDB,17560942,PMID
ZEB2,ALPL,-1.0,GEREDB;NTNU.Curated,11477103;19424592,PMID
ZEB2,FN1,1.0,GEREDB,19806322,PMID
ZFHX3,NES,-1.0,GEREDB,16251211,PMID
ZFHX3,CCND1,-1.0,GEREDB,11312261,PMID
MYB,CLU,1.0,NTNU.Curated,10770937,default activation
ETS2,THBS1,-1.0,NTNU.Curated,23933487,PMID
MITF,PTGS2,1.0,NTNU.Curated,24471568,PMID
NR2F2,HBB,-1.0,NTNU.Curated,16943425;17970752,PMID
RUNX2,VCAN,1.0,NTNU.Curated,19259985,PMID
RUNX2,CLC,1.0,NTNU.Curated,11441910,regulon
RUNX2,SLPI,1.0,NTNU.Curated,23287548,regulon
RUNX2,MPO,-1.0,NTNU.Curated,19179305,PMID
ZEB2,CCND1,-1.0,NTNU.Curated,19424592,PMID
ZEB2,CLDN4,-1.0,NTNU.Curated,19424592,PMID
GATA2,NFE2,1.0,NTNU.Curated,16763211,regulon
ATF3,CAV1,1.0,NTNU.Curated,17952119,PMID
ID1,ALPL,-1.0,NTNU.Curated,18287524,PMID
ID3,ALPL,-1.0,NTNU.Curated,18287524,PMID
ERG,GATA2,1.0,NTNU.Curated,21245161,regulon
BARX2,ACTA2,1.0,NTNU.Curated,19269978,default activation
MYOCD,MYOCD,1.0,NTNU.Curated,17021041,regulon
MYOCD,ITGA8,1.0,NTNU.Curated,23142384,regulon
HES1,ADAMTS5,1.0,Pavlidis2021,25733872,PMID
HES1,COL1A1,1.0,Pavlidis2021,25107895,default activation
HES1,COL1A2,1.0,Pavlidis2021,25107895,default activation
HES1,CXCL2,-1.0,Pavlidis2021,27322654,PMID
HES1,IL1RL1,1.0,Pavlidis2021,25733872,PMID
LEF1,DKK1,1.0,Pavlidis2021,25545010,regulon
LEF1,COL1A1,-1.0,Pavlidis2021,19650108,PMID
LEF1,SHH,1.0,Pavlidis2021,12502739,PMID
GATA2,DIO2,1.0,Pavlidis2021,26571013,PMID
ASCL1,EFNA5,1.0,Pavlidis2021,28614915,PMID
ASCL1,RND3,1.0,Pavlidis2021,21435554,PMID
ASCL1,JAG2,1.0,Pavlidis2021,19191219,PMID
ASCL1,MMP7,1.0,Pavlidis2021,23300791,PMID
BCL11A,FRZB,1.0,Pavlidis2021,22491945,PMID
BCL11A,HBB,-1.0,Pavlidis2021,23576758,PMID
BCL11A,ID3,1.0,Pavlidis2021,24591644,PMID
NR2F2,MYL2,-1.0,Pavlidis2021,23725765,PMID
ERG,LEF1,1.0,Pavlidis2021,23913826,PMID
BATF,IRF4,1.0,Pavlidis2021,26278622,PMID
MYOCD,ACTA2,1.0,Pavlidis2021,20093628,regulon
MYOCD,TAGLN,1.0,Pavlidis2021,20093628;20511232,PMID
MYOCD,CNN1,1.0,Pavlidis2021,20511232,PMID
SOX6,RUNX2,1.0,Pavlidis2021,24692107,PMID
HES4,ASCL1,1.0,Pavlidis2021,25480889,PMID
GATA2,HTR5A,1.0,DoRothEA-A,22951020,PMID
GATA2,PLSCR2,1.0,DoRothEA-A,22951020,PMID
